driver_number,broadcast_name,country_code_x,year,session_name,date_start,time_start,date_end,time_end,gmt_offset,starting_position,wins_before,pit_stops_count,avg_pit_stop_duration,qualifying_position,position_category
1,M VERSTAPPEN,NED,2023,Race,2023-03-19,17:00:00,2023-03-19,19:00:00,03:00:00,15,1,0,0.0,1,top3
2,L SARGEANT,USA,2023,Race,2023-03-19,17:00:00,2023-03-19,19:00:00,03:00:00,20,0,0,0.0,16,no_points
4,L NORRIS,GBR,2023,Race,2023-03-19,17:00:00,2023-03-19,19:00:00,03:00:00,19,0,0,0.0,7,no_points
10,P GASLY,FRA,2023,Race,2023-03-19,17:00:00,2023-03-19,19:00:00,03:00:00,9,0,0,0.0,9,points
11,S PEREZ,MEX,2023,Race,2023-03-19,17:00:00,2023-03-19,19:00:00,03:00:00,1,0,0,0.0,2,winner
14,F ALONSO,ESP,2023,Race,2023-03-19,17:00:00,2023-03-19,19:00:00,03:00:00,2,0,0,0.0,3,top3
16,C LECLERC,MON,2023,Race,2023-03-19,17:00:00,2023-03-19,19:00:00,03:00:00,12,0,0,0.0,6,points
18,L STROLL,CAN,2023,Race,2023-03-19,17:00:00,2023-03-19,19:00:00,03:00:00,5,0,0,0.0,4,no_points
20,K MAGNUSSEN,DEN,2023,Race,2023-03-19,17:00:00,2023-03-19,19:00:00,03:00:00,13,0,0,0.0,17,points
21,N DE VRIES,NED,2023,Race,2023-03-19,17:00:00,2023-03-19,19:00:00,03:00:00,18,0,0,0.0,20,no_points
22,Y TSUNODA,JPN,2023,Race,2023-03-19,17:00:00,2023-03-19,19:00:00,03:00:00,16,0,0,0.0,19,no_points
23,A ALBON,THA,2023,Race,2023-03-19,17:00:00,2023-03-19,19:00:00,03:00:00,17,0,0,0.0,15,no_points
24,G ZHOU,CHN,2023,Race,2023-03-19,17:00:00,2023-03-19,19:00:00,03:00:00,11,0,0,0.0,12,no_points
27,N HULKENBERG,GER,2023,Race,2023-03-19,17:00:00,2023-03-19,19:00:00,03:00:00,10,0,0,0.0,13,no_points
31,E OCON,FRA,2023,Race,2023-03-19,17:00:00,2023-03-19,19:00:00,03:00:00,6,0,0,0.0,14,points
44,L HAMILTON,GBR,2023,Race,2023-03-19,17:00:00,2023-03-19,19:00:00,03:00:00,7,0,0,0.0,5,points
55,C SAINZ,ESP,2023,Race,2023-03-19,17:00:00,2023-03-19,19:00:00,03:00:00,4,0,0,0.0,10,points
63,G RUSSELL,GBR,2023,Race,2023-03-19,17:00:00,2023-03-19,19:00:00,03:00:00,3,0,0,0.0,11,points
77,V BOTTAS,FIN,2023,Race,2023-03-19,17:00:00,2023-03-19,19:00:00,03:00:00,14,0,0,0.0,18,no_points
81,O PIASTRI,AUS,2023,Race,2023-03-19,17:00:00,2023-03-19,19:00:00,03:00:00,8,0,0,0.0,8,no_points
1,M VERSTAPPEN,NED,2023,Race,2023-04-02,05:00:00,2023-04-02,07:00:00,10:00:00,1,1,0,0.0,1,winner
2,L SARGEANT,USA,2023,Race,2023-04-02,05:00:00,2023-04-02,07:00:00,10:00:00,18,0,0,0.0,17,no_points
4,L NORRIS,GBR,2023,Race,2023-04-02,05:00:00,2023-04-02,07:00:00,10:00:00,13,0,0,0.0,20,points
10,P GASLY,FRA,2023,Race,2023-04-02,05:00:00,2023-04-02,07:00:00,10:00:00,9,0,0,0.0,5,no_points
11,S PEREZ,MEX,2023,Race,2023-04-02,05:00:00,2023-04-02,07:00:00,10:00:00,20,1,0,0.0,6,points
14,F ALONSO,ESP,2023,Race,2023-04-02,05:00:00,2023-04-02,07:00:00,10:00:00,4,0,0,0.0,2,top3
16,C LECLERC,MON,2023,Race,2023-04-02,05:00:00,2023-04-02,07:00:00,10:00:00,7,0,0,0.0,13,no_points
18,L STROLL,CAN,2023,Race,2023-04-02,05:00:00,2023-04-02,07:00:00,10:00:00,6,0,0,0.0,9,points
20,K MAGNUSSEN,DEN,2023,Race,2023-04-02,05:00:00,2023-04-02,07:00:00,10:00:00,14,0,0,0.0,18,no_points
21,N DE VRIES,NED,2023,Race,2023-04-02,05:00:00,2023-04-02,07:00:00,10:00:00,15,0,0,0.0,19,no_points
22,Y TSUNODA,JPN,2023,Race,2023-04-02,05:00:00,2023-04-02,07:00:00,10:00:00,12,0,0,0.0,16,points
23,A ALBON,THA,2023,Race,2023-04-02,05:00:00,2023-04-02,07:00:00,10:00:00,8,0,0,0.0,12,no_points
24,G ZHOU,CHN,2023,Race,2023-04-02,05:00:00,2023-04-02,07:00:00,10:00:00,17,0,0,0.0,10,points
27,N HULKENBERG,GER,2023,Race,2023-04-02,05:00:00,2023-04-02,07:00:00,10:00:00,10,0,0,0.0,11,points
31,E OCON,FRA,2023,Race,2023-04-02,05:00:00,2023-04-02,07:00:00,10:00:00,11,0,0,0.0,3,no_points
44,L HAMILTON,GBR,2023,Race,2023-04-02,05:00:00,2023-04-02,07:00:00,10:00:00,3,0,0,0.0,8,top3
55,C SAINZ,ESP,2023,Race,2023-04-02,05:00:00,2023-04-02,07:00:00,10:00:00,5,0,0,0.0,7,no_points
63,G RUSSELL,GBR,2023,Race,2023-04-02,05:00:00,2023-04-02,07:00:00,10:00:00,2,0,0,0.0,4,no_points
77,V BOTTAS,FIN,2023,Race,2023-04-02,05:00:00,2023-04-02,07:00:00,10:00:00,19,0,0,0.0,15,no_points
81,O PIASTRI,AUS,2023,Race,2023-04-02,05:00:00,2023-04-02,07:00:00,10:00:00,16,0,0,0.0,14,points
1,M VERSTAPPEN,NED,2023,Race,2023-03-05,15:00:00,2023-03-05,17:00:00,03:00:00,1,0,0,0.0,2,winner
2,L SARGEANT,USA,2023,Race,2023-03-05,15:00:00,2023-03-05,17:00:00,03:00:00,16,0,0,0.0,18,no_points
4,L NORRIS,GBR,2023,Race,2023-03-05,15:00:00,2023-03-05,17:00:00,03:00:00,11,0,0,0.0,13,no_points
10,P GASLY,FRA,2023,Race,2023-03-05,15:00:00,2023-03-05,17:00:00,03:00:00,20,0,0,0.0,10,points
11,S PEREZ,MEX,2023,Race,2023-03-05,15:00:00,2023-03-05,17:00:00,03:00:00,2,0,0,0.0,3,top3
14,F ALONSO,ESP,2023,Race,2023-03-05,15:00:00,2023-03-05,17:00:00,03:00:00,5,0,0,0.0,1,top3
16,C LECLERC,MON,2023,Race,2023-03-05,15:00:00,2023-03-05,17:00:00,03:00:00,3,0,0,0.0,5,no_points
18,L STROLL,CAN,2023,Race,2023-03-05,15:00:00,2023-03-05,17:00:00,03:00:00,8,0,0,0.0,7,points
20,K MAGNUSSEN,DEN,2023,Race,2023-03-05,15:00:00,2023-03-05,17:00:00,03:00:00,17,0,0,0.0,14,no_points
21,N DE VRIES,NED,2023,Race,2023-03-05,15:00:00,2023-03-05,17:00:00,03:00:00,19,0,0,0.0,20,no_points
22,Y TSUNODA,JPN,2023,Race,2023-03-05,15:00:00,2023-03-05,17:00:00,03:00:00,14,0,0,0.0,16,no_points
23,A ALBON,THA,2023,Race,2023-03-05,15:00:00,2023-03-05,17:00:00,03:00:00,15,0,0,0.0,19,points
24,G ZHOU,CHN,2023,Race,2023-03-05,15:00:00,2023-03-05,17:00:00,03:00:00,13,0,0,0.0,12,no_points
27,N HULKENBERG,GER,2023,Race,2023-03-05,15:00:00,2023-03-05,17:00:00,03:00:00,10,0,0,0.0,15,no_points
31,E OCON,FRA,2023,Race,2023-03-05,15:00:00,2023-03-05,17:00:00,03:00:00,9,0,0,0.0,11,no_points
44,L HAMILTON,GBR,2023,Race,2023-03-05,15:00:00,2023-03-05,17:00:00,03:00:00,7,0,0,0.0,4,points
55,C SAINZ,ESP,2023,Race,2023-03-05,15:00:00,2023-03-05,17:00:00,03:00:00,4,0,0,0.0,8,points
63,G RUSSELL,GBR,2023,Race,2023-03-05,15:00:00,2023-03-05,17:00:00,03:00:00,6,0,0,0.0,6,points
77,V BOTTAS,FIN,2023,Race,2023-03-05,15:00:00,2023-03-05,17:00:00,03:00:00,12,0,0,0.0,17,points
81,O PIASTRI,AUS,2023,Race,2023-03-05,15:00:00,2023-03-05,17:00:00,03:00:00,18,0,0,0.0,9,no_points
1,M VERSTAPPEN,NED,2023,Sprint,2023-04-29,13:30:00,2023-04-29,14:00:00,04:00:00,2,2,0,0.0,1,top3
1,M VERSTAPPEN,NED,2023,Sprint,2023-04-29,13:30:00,2023-04-29,14:00:00,04:00:00,2,2,0,0.0,1,top3
4,L NORRIS,GBR,2023,Sprint,2023-04-29,13:30:00,2023-04-29,14:00:00,04:00:00,7,0,0,0.0,5,points
4,L NORRIS,GBR,2023,Sprint,2023-04-29,13:30:00,2023-04-29,14:00:00,04:00:00,7,0,0,0.0,5,points
10,P GASLY,FRA,2023,Sprint,2023-04-29,13:30:00,2023-04-29,14:00:00,04:00:00,17,0,0,0.0,19,no_points
10,P GASLY,FRA,2023,Sprint,2023-04-29,13:30:00,2023-04-29,14:00:00,04:00:00,17,0,0,0.0,19,no_points
11,S PEREZ,MEX,2023,Sprint,2023-04-29,13:30:00,2023-04-29,14:00:00,04:00:00,3,1,0,0.0,3,winner
11,S PEREZ,MEX,2023,Sprint,2023-04-29,13:30:00,2023-04-29,14:00:00,04:00:00,3,2,0,0.0,3,winner
14,F ALONSO,ESP,2023,Sprint,2023-04-29,13:30:00,2023-04-29,14:00:00,04:00:00,6,0,0,0.0,8,points
14,F ALONSO,ESP,2023,Sprint,2023-04-29,13:30:00,2023-04-29,14:00:00,04:00:00,6,0,0,0.0,8,points
16,C LECLERC,MON,2023,Sprint,2023-04-29,13:30:00,2023-04-29,14:00:00,04:00:00,1,0,0,0.0,2,top3
16,C LECLERC,MON,2023,Sprint,2023-04-29,13:30:00,2023-04-29,14:00:00,04:00:00,1,0,0,0.0,2,top3
18,L STROLL,CAN,2023,Sprint,2023-04-29,13:30:00,2023-04-29,14:00:00,04:00:00,9,0,0,0.0,7,points
18,L STROLL,CAN,2023,Sprint,2023-04-29,13:30:00,2023-04-29,14:00:00,04:00:00,9,0,0,0.0,7,points
20,K MAGNUSSEN,DEN,2023,Sprint,2023-04-29,13:30:00,2023-04-29,14:00:00,04:00:00,16,0,0,0.0,20,no_points
20,K MAGNUSSEN,DEN,2023,Sprint,2023-04-29,13:30:00,2023-04-29,14:00:00,04:00:00,16,0,0,0.0,20,no_points
21,N DE VRIES,NED,2023,Sprint,2023-04-29,13:30:00,2023-04-29,14:00:00,04:00:00,18,0,0,0.0,6,no_points
21,N DE VRIES,NED,2023,Sprint,2023-04-29,13:30:00,2023-04-29,14:00:00,04:00:00,18,0,0,0.0,6,no_points
22,Y TSUNODA,JPN,2023,Sprint,2023-04-29,13:30:00,2023-04-29,14:00:00,04:00:00,8,0,0,0.0,14,points
22,Y TSUNODA,JPN,2023,Sprint,2023-04-29,13:30:00,2023-04-29,14:00:00,04:00:00,8,0,0,0.0,14,points
23,A ALBON,THA,2023,Sprint,2023-04-29,13:30:00,2023-04-29,14:00:00,04:00:00,12,0,0,0.0,9,no_points
23,A ALBON,THA,2023,Sprint,2023-04-29,13:30:00,2023-04-29,14:00:00,04:00:00,12,0,0,0.0,9,no_points
24,G ZHOU,CHN,2023,Sprint,2023-04-29,13:30:00,2023-04-29,14:00:00,04:00:00,15,0,0,0.0,10,no_points
24,G ZHOU,CHN,2023,Sprint,2023-04-29,13:30:00,2023-04-29,14:00:00,04:00:00,15,0,0,0.0,10,no_points
27,N HULKENBERG,GER,2023,Sprint,2023-04-29,13:30:00,2023-04-29,14:00:00,04:00:00,20,0,0,0.0,15,no_points
27,N HULKENBERG,GER,2023,Sprint,2023-04-29,13:30:00,2023-04-29,14:00:00,04:00:00,20,0,0,0.0,15,no_points
31,E OCON,FRA,2023,Sprint,2023-04-29,13:30:00,2023-04-29,14:00:00,04:00:00,19,0,0,0.0,18,no_points
31,E OCON,FRA,2023,Sprint,2023-04-29,13:30:00,2023-04-29,14:00:00,04:00:00,19,0,0,0.0,18,no_points
44,L HAMILTON,GBR,2023,Sprint,2023-04-29,13:30:00,2023-04-29,14:00:00,04:00:00,5,0,0,0.0,11,points
44,L HAMILTON,GBR,2023,Sprint,2023-04-29,13:30:00,2023-04-29,14:00:00,04:00:00,5,0,0,0.0,11,points
55,C SAINZ,ESP,2023,Sprint,2023-04-29,13:30:00,2023-04-29,14:00:00,04:00:00,4,0,0,0.0,4,points
55,C SAINZ,ESP,2023,Sprint,2023-04-29,13:30:00,2023-04-29,14:00:00,04:00:00,4,0,0,0.0,4,points
63,G RUSSELL,GBR,2023,Sprint,2023-04-29,13:30:00,2023-04-29,14:00:00,04:00:00,11,0,0,0.0,17,points
63,G RUSSELL,GBR,2023,Sprint,2023-04-29,13:30:00,2023-04-29,14:00:00,04:00:00,11,0,0,0.0,17,points
77,V BOTTAS,FIN,2023,Sprint,2023-04-29,13:30:00,2023-04-29,14:00:00,04:00:00,13,0,0,0.0,13,no_points
77,V BOTTAS,FIN,2023,Sprint,2023-04-29,13:30:00,2023-04-29,14:00:00,04:00:00,13,0,0,0.0,13,no_points
81,O PIASTRI,AUS,2023,Sprint,2023-04-29,13:30:00,2023-04-29,14:00:00,04:00:00,10,0,0,0.0,12,no_points
81,O PIASTRI,AUS,2023,Sprint,2023-04-29,13:30:00,2023-04-29,14:00:00,04:00:00,10,0,0,0.0,12,no_points
1,M VERSTAPPEN,NED,2023,Race,2023-04-30,11:00:00,2023-04-30,13:00:00,04:00:00,2,2,0,0.0,1,top3
1,M VERSTAPPEN,NED,2023,Race,2023-04-30,11:00:00,2023-04-30,13:00:00,04:00:00,2,2,0,0.0,1,top3
2,L SARGEANT,USA,2023,Race,2023-04-30,11:00:00,2023-04-30,13:00:00,04:00:00,14,0,0,0.0,16,no_points
4,L NORRIS,GBR,2023,Race,2023-04-30,11:00:00,2023-04-30,13:00:00,04:00:00,7,0,0,0.0,5,points
4,L NORRIS,GBR,2023,Race,2023-04-30,11:00:00,2023-04-30,13:00:00,04:00:00,7,0,0,0.0,5,points
10,P GASLY,FRA,2023,Race,2023-04-30,11:00:00,2023-04-30,13:00:00,04:00:00,17,0,0,0.0,19,no_points
10,P GASLY,FRA,2023,Race,2023-04-30,11:00:00,2023-04-30,13:00:00,04:00:00,17,0,0,0.0,19,no_points
11,S PEREZ,MEX,2023,Race,2023-04-30,11:00:00,2023-04-30,13:00:00,04:00:00,3,1,0,0.0,3,winner
11,S PEREZ,MEX,2023,Race,2023-04-30,11:00:00,2023-04-30,13:00:00,04:00:00,3,2,0,0.0,3,winner
14,F ALONSO,ESP,2023,Race,2023-04-30,11:00:00,2023-04-30,13:00:00,04:00:00,6,0,0,0.0,8,points
14,F ALONSO,ESP,2023,Race,2023-04-30,11:00:00,2023-04-30,13:00:00,04:00:00,6,0,0,0.0,8,points
16,C LECLERC,MON,2023,Race,2023-04-30,11:00:00,2023-04-30,13:00:00,04:00:00,1,0,0,0.0,2,top3
16,C LECLERC,MON,2023,Race,2023-04-30,11:00:00,2023-04-30,13:00:00,04:00:00,1,0,0,0.0,2,top3
18,L STROLL,CAN,2023,Race,2023-04-30,11:00:00,2023-04-30,13:00:00,04:00:00,9,0,0,0.0,7,points
18,L STROLL,CAN,2023,Race,2023-04-30,11:00:00,2023-04-30,13:00:00,04:00:00,9,0,0,0.0,7,points
20,K MAGNUSSEN,DEN,2023,Race,2023-04-30,11:00:00,2023-04-30,13:00:00,04:00:00,16,0,0,0.0,20,no_points
20,K MAGNUSSEN,DEN,2023,Race,2023-04-30,11:00:00,2023-04-30,13:00:00,04:00:00,16,0,0,0.0,20,no_points
21,N DE VRIES,NED,2023,Race,2023-04-30,11:00:00,2023-04-30,13:00:00,04:00:00,18,0,0,0.0,6,no_points
21,N DE VRIES,NED,2023,Race,2023-04-30,11:00:00,2023-04-30,13:00:00,04:00:00,18,0,0,0.0,6,no_points
22,Y TSUNODA,JPN,2023,Race,2023-04-30,11:00:00,2023-04-30,13:00:00,04:00:00,8,0,0,0.0,14,points
22,Y TSUNODA,JPN,2023,Race,2023-04-30,11:00:00,2023-04-30,13:00:00,04:00:00,8,0,0,0.0,14,points
23,A ALBON,THA,2023,Race,2023-04-30,11:00:00,2023-04-30,13:00:00,04:00:00,12,0,0,0.0,9,no_points
23,A ALBON,THA,2023,Race,2023-04-30,11:00:00,2023-04-30,13:00:00,04:00:00,12,0,0,0.0,9,no_points
24,G ZHOU,CHN,2023,Race,2023-04-30,11:00:00,2023-04-30,13:00:00,04:00:00,15,0,0,0.0,10,no_points
24,G ZHOU,CHN,2023,Race,2023-04-30,11:00:00,2023-04-30,13:00:00,04:00:00,15,0,0,0.0,10,no_points
27,N HULKENBERG,GER,2023,Race,2023-04-30,11:00:00,2023-04-30,13:00:00,04:00:00,20,0,0,0.0,15,no_points
27,N HULKENBERG,GER,2023,Race,2023-04-30,11:00:00,2023-04-30,13:00:00,04:00:00,20,0,0,0.0,15,no_points
31,E OCON,FRA,2023,Race,2023-04-30,11:00:00,2023-04-30,13:00:00,04:00:00,19,0,0,0.0,18,no_points
31,E OCON,FRA,2023,Race,2023-04-30,11:00:00,2023-04-30,13:00:00,04:00:00,19,0,0,0.0,18,no_points
44,L HAMILTON,GBR,2023,Race,2023-04-30,11:00:00,2023-04-30,13:00:00,04:00:00,5,0,0,0.0,11,points
44,L HAMILTON,GBR,2023,Race,2023-04-30,11:00:00,2023-04-30,13:00:00,04:00:00,5,0,0,0.0,11,points
55,C SAINZ,ESP,2023,Race,2023-04-30,11:00:00,2023-04-30,13:00:00,04:00:00,4,0,0,0.0,4,points
55,C SAINZ,ESP,2023,Race,2023-04-30,11:00:00,2023-04-30,13:00:00,04:00:00,4,0,0,0.0,4,points
63,G RUSSELL,GBR,2023,Race,2023-04-30,11:00:00,2023-04-30,13:00:00,04:00:00,11,0,0,0.0,17,points
63,G RUSSELL,GBR,2023,Race,2023-04-30,11:00:00,2023-04-30,13:00:00,04:00:00,11,0,0,0.0,17,points
77,V BOTTAS,FIN,2023,Race,2023-04-30,11:00:00,2023-04-30,13:00:00,04:00:00,13,0,0,0.0,13,no_points
77,V BOTTAS,FIN,2023,Race,2023-04-30,11:00:00,2023-04-30,13:00:00,04:00:00,13,0,0,0.0,13,no_points
81,O PIASTRI,AUS,2023,Race,2023-04-30,11:00:00,2023-04-30,13:00:00,04:00:00,10,0,0,0.0,12,no_points
81,O PIASTRI,AUS,2023,Race,2023-04-30,11:00:00,2023-04-30,13:00:00,04:00:00,10,0,0,0.0,12,no_points
1,M VERSTAPPEN,NED,2023,Race,2023-05-07,19:30:00,2023-05-07,21:30:00,-04:00:00,9,2,0,0.0,1,winner
2,L SARGEANT,USA,2023,Race,2023-05-07,19:30:00,2023-05-07,21:30:00,-04:00:00,20,0,0,0.0,17,no_points
4,L NORRIS,GBR,2023,Race,2023-05-07,19:30:00,2023-05-07,21:30:00,-04:00:00,16,0,0,0.0,19,no_points
10,P GASLY,FRA,2023,Race,2023-05-07,19:30:00,2023-05-07,21:30:00,-04:00:00,5,0,0,0.0,6,points
11,S PEREZ,MEX,2023,Race,2023-05-07,19:30:00,2023-05-07,21:30:00,-04:00:00,1,3,0,0.0,3,top3
14,F ALONSO,ESP,2023,Race,2023-05-07,19:30:00,2023-05-07,21:30:00,-04:00:00,2,0,0,0.0,12,top3
16,C LECLERC,MON,2023,Race,2023-05-07,19:30:00,2023-05-07,21:30:00,-04:00:00,7,0,0,0.0,2,points
18,L STROLL,CAN,2023,Race,2023-05-07,19:30:00,2023-05-07,21:30:00,-04:00:00,18,0,0,0.0,14,no_points
20,K MAGNUSSEN,DEN,2023,Race,2023-05-07,19:30:00,2023-05-07,21:30:00,-04:00:00,4,0,0,0.0,11,points
21,N DE VRIES,NED,2023,Race,2023-05-07,19:30:00,2023-05-07,21:30:00,-04:00:00,15,0,0,0.0,20,no_points
22,Y TSUNODA,JPN,2023,Race,2023-05-07,19:30:00,2023-05-07,21:30:00,-04:00:00,17,0,0,0.0,16,no_points
23,A ALBON,THA,2023,Race,2023-05-07,19:30:00,2023-05-07,21:30:00,-04:00:00,11,0,0,0.0,9,no_points
24,G ZHOU,CHN,2023,Race,2023-05-07,19:30:00,2023-05-07,21:30:00,-04:00:00,14,0,0,0.0,15,no_points
27,N HULKENBERG,GER,2023,Race,2023-05-07,19:30:00,2023-05-07,21:30:00,-04:00:00,12,0,0,0.0,8,no_points
31,E OCON,FRA,2023,Race,2023-05-07,19:30:00,2023-05-07,21:30:00,-04:00:00,8,0,0,0.0,5,points
44,L HAMILTON,GBR,2023,Race,2023-05-07,19:30:00,2023-05-07,21:30:00,-04:00:00,13,0,0,0.0,13,points
55,C SAINZ,ESP,2023,Race,2023-05-07,19:30:00,2023-05-07,21:30:00,-04:00:00,3,0,0,0.0,4,points
63,G RUSSELL,GBR,2023,Race,2023-05-07,19:30:00,2023-05-07,21:30:00,-04:00:00,6,0,0,0.0,10,points
77,V BOTTAS,FIN,2023,Race,2023-05-07,19:30:00,2023-05-07,21:30:00,-04:00:00,10,0,0,0.0,7,no_points
81,O PIASTRI,AUS,2023,Race,2023-05-07,19:30:00,2023-05-07,21:30:00,-04:00:00,19,0,0,0.0,18,no_points
1,M VERSTAPPEN,NED,2023,Race,2023-05-28,13:00:00,2023-05-28,15:00:00,02:00:00,1,3,0,0.0,1,winner
2,L SARGEANT,USA,2023,Race,2023-05-28,13:00:00,2023-05-28,15:00:00,02:00:00,16,0,0,0.0,17,no_points
4,L NORRIS,GBR,2023,Race,2023-05-28,13:00:00,2023-05-28,15:00:00,02:00:00,10,0,0,0.0,5,points
10,P GASLY,FRA,2023,Race,2023-05-28,13:00:00,2023-05-28,15:00:00,02:00:00,7,0,0,0.0,6,points
11,S PEREZ,MEX,2023,Race,2023-05-28,13:00:00,2023-05-28,15:00:00,02:00:00,20,3,0,0.0,2,no_points
14,F ALONSO,ESP,2023,Race,2023-05-28,13:00:00,2023-05-28,15:00:00,02:00:00,2,0,0,0.0,14,top3
16,C LECLERC,MON,2023,Race,2023-05-28,13:00:00,2023-05-28,15:00:00,02:00:00,6,0,0,0.0,7,points
18,L STROLL,CAN,2023,Race,2023-05-28,13:00:00,2023-05-28,15:00:00,02:00:00,14,0,0,0.0,3,no_points
20,K MAGNUSSEN,DEN,2023,Race,2023-05-28,13:00:00,2023-05-28,15:00:00,02:00:00,17,0,0,0.0,12,no_points
21,N DE VRIES,NED,2023,Race,2023-05-28,13:00:00,2023-05-28,15:00:00,02:00:00,12,0,0,0.0,20,no_points
22,Y TSUNODA,JPN,2023,Race,2023-05-28,13:00:00,2023-05-28,15:00:00,02:00:00,9,0,0,0.0,15,no_points
23,A ALBON,THA,2023,Race,2023-05-28,13:00:00,2023-05-28,15:00:00,02:00:00,13,0,0,0.0,18,no_points
24,G ZHOU,CHN,2023,Race,2023-05-28,13:00:00,2023-05-28,15:00:00,02:00:00,19,0,0,0.0,16,no_points
27,N HULKENBERG,GER,2023,Race,2023-05-28,13:00:00,2023-05-28,15:00:00,02:00:00,18,0,0,0.0,13,no_points
31,E OCON,FRA,2023,Race,2023-05-28,13:00:00,2023-05-28,15:00:00,02:00:00,3,0,0,0.0,9,top3
44,L HAMILTON,GBR,2023,Race,2023-05-28,13:00:00,2023-05-28,15:00:00,02:00:00,5,0,0,0.0,8,points
55,C SAINZ,ESP,2023,Race,2023-05-28,13:00:00,2023-05-28,15:00:00,02:00:00,4,0,0,0.0,4,points
63,G RUSSELL,GBR,2023,Race,2023-05-28,13:00:00,2023-05-28,15:00:00,02:00:00,8,0,0,0.0,11,points
77,V BOTTAS,FIN,2023,Race,2023-05-28,13:00:00,2023-05-28,15:00:00,02:00:00,15,0,0,0.0,10,no_points
81,O PIASTRI,AUS,2023,Race,2023-05-28,13:00:00,2023-05-28,15:00:00,02:00:00,11,0,0,0.0,19,points
1,M VERSTAPPEN,NED,2023,Race,2023-06-04,13:00:00,2023-06-04,15:00:00,02:00:00,1,4,2,22.25,1,winner
2,L SARGEANT,USA,2023,Race,2023-06-04,13:00:00,2023-06-04,15:00:00,02:00:00,20,0,2,23.15,20,no_points
4,L NORRIS,GBR,2023,Race,2023-06-04,13:00:00,2023-06-04,15:00:00,02:00:00,3,0,3,27.5,10,no_points
10,P GASLY,FRA,2023,Race,2023-06-04,13:00:00,2023-06-04,15:00:00,02:00:00,10,0,2,23.450000000000003,18,points
11,S PEREZ,MEX,2023,Race,2023-06-04,13:00:00,2023-06-04,15:00:00,02:00:00,11,3,2,21.6,2,points
14,F ALONSO,ESP,2023,Race,2023-06-04,13:00:00,2023-06-04,15:00:00,02:00:00,8,0,2,22.65,5,points
16,C LECLERC,MON,2023,Race,2023-06-04,13:00:00,2023-06-04,15:00:00,02:00:00,19,0,2,22.35,7,no_points
18,L STROLL,CAN,2023,Race,2023-06-04,13:00:00,2023-06-04,15:00:00,02:00:00,5,0,2,22.8,13,points
20,K MAGNUSSEN,DEN,2023,Race,2023-06-04,13:00:00,2023-06-04,15:00:00,02:00:00,17,0,3,23.03333333333333,17,no_points
21,N DE VRIES,NED,2023,Race,2023-06-04,13:00:00,2023-06-04,15:00:00,02:00:00,14,0,2,22.2,12,no_points
22,Y TSUNODA,JPN,2023,Race,2023-06-04,13:00:00,2023-06-04,15:00:00,02:00:00,15,0,2,22.05,9,no_points
23,A ALBON,THA,2023,Race,2023-06-04,13:00:00,2023-06-04,15:00:00,02:00:00,18,0,2,23.35,19,no_points
24,G ZHOU,CHN,2023,Race,2023-06-04,13:00:00,2023-06-04,15:00:00,02:00:00,13,0,2,23.1,11,points
27,N HULKENBERG,GER,2023,Race,2023-06-04,13:00:00,2023-06-04,15:00:00,02:00:00,7,0,3,23.266666666666666,14,no_points
31,E OCON,FRA,2023,Race,2023-06-04,13:00:00,2023-06-04,15:00:00,02:00:00,6,0,2,23.1,16,points
44,L HAMILTON,GBR,2023,Race,2023-06-04,13:00:00,2023-06-04,15:00:00,02:00:00,4,0,2,22.6,3,top3
55,C SAINZ,ESP,2023,Race,2023-06-04,13:00:00,2023-06-04,15:00:00,02:00:00,2,0,2,22.3,4,points
63,G RUSSELL,GBR,2023,Race,2023-06-04,13:00:00,2023-06-04,15:00:00,02:00:00,12,0,2,22.1,6,top3
77,V BOTTAS,FIN,2023,Race,2023-06-04,13:00:00,2023-06-04,15:00:00,02:00:00,16,0,2,23.8,8,no_points
81,O PIASTRI,AUS,2023,Race,2023-06-04,13:00:00,2023-06-04,15:00:00,02:00:00,9,0,2,22.55,15,no_points
1,M VERSTAPPEN,NED,2023,Race,2023-06-18,18:00:00,2023-06-18,20:00:00,-04:00:00,1,5,2,23.75,1,winner
2,L SARGEANT,USA,2023,Race,2023-06-18,18:00:00,2023-06-18,20:00:00,-04:00:00,18,0,0,0.0,20,no_points
4,L NORRIS,GBR,2023,Race,2023-06-18,18:00:00,2023-06-18,20:00:00,-04:00:00,7,0,2,24.65,13,no_points
10,P GASLY,FRA,2023,Race,2023-06-18,18:00:00,2023-06-18,20:00:00,-04:00:00,15,0,2,25.8,6,no_points
11,S PEREZ,MEX,2023,Race,2023-06-18,18:00:00,2023-06-18,20:00:00,-04:00:00,12,3,2,23.2,17,points
14,F ALONSO,ESP,2023,Race,2023-06-18,18:00:00,2023-06-18,20:00:00,-04:00:00,2,0,2,23.95,3,top3
16,C LECLERC,MON,2023,Race,2023-06-18,18:00:00,2023-06-18,20:00:00,-04:00:00,10,0,1,24.3,2,points
18,L STROLL,CAN,2023,Race,2023-06-18,18:00:00,2023-06-18,20:00:00,-04:00:00,16,0,2,23.75,7,points
20,K MAGNUSSEN,DEN,2023,Race,2023-06-18,18:00:00,2023-06-18,20:00:00,-04:00:00,13,0,2,24.7,4,no_points
21,N DE VRIES,NED,2023,Race,2023-06-18,18:00:00,2023-06-18,20:00:00,-04:00:00,17,0,2,24.299999999999997,16,no_points
22,Y TSUNODA,JPN,2023,Race,2023-06-18,18:00:00,2023-06-18,20:00:00,-04:00:00,19,0,2,25.55,8,no_points
23,A ALBON,THA,2023,Race,2023-06-18,18:00:00,2023-06-18,20:00:00,-04:00:00,9,0,1,25.0,14,points
24,G ZHOU,CHN,2023,Race,2023-06-18,18:00:00,2023-06-18,20:00:00,-04:00:00,20,0,2,25.8,18,no_points
27,N HULKENBERG,GER,2023,Race,2023-06-18,18:00:00,2023-06-18,20:00:00,-04:00:00,5,0,2,24.5,11,no_points
31,E OCON,FRA,2023,Race,2023-06-18,18:00:00,2023-06-18,20:00:00,-04:00:00,6,0,2,24.0,19,points
44,L HAMILTON,GBR,2023,Race,2023-06-18,18:00:00,2023-06-18,20:00:00,-04:00:00,3,0,2,24.0,10,top3
55,C SAINZ,ESP,2023,Race,2023-06-18,18:00:00,2023-06-18,20:00:00,-04:00:00,11,0,1,24.1,5,points
63,G RUSSELL,GBR,2023,Race,2023-06-18,18:00:00,2023-06-18,20:00:00,-04:00:00,4,0,1,88.9,15,no_points
77,V BOTTAS,FIN,2023,Race,2023-06-18,18:00:00,2023-06-18,20:00:00,-04:00:00,14,0,1,24.0,9,points
81,O PIASTRI,AUS,2023,Race,2023-06-18,18:00:00,2023-06-18,20:00:00,-04:00:00,8,0,2,24.1,12,no_points
1,M VERSTAPPEN,NED,2023,Sprint,2023-07-01,14:30:00,2023-07-01,15:00:00,02:00:00,1,6,0,0.0,1,winner
1,M VERSTAPPEN,NED,2023,Sprint,2023-07-01,14:30:00,2023-07-01,15:00:00,02:00:00,1,7,0,0.0,1,winner
2,L SARGEANT,USA,2023,Sprint,2023-07-01,14:30:00,2023-07-01,15:00:00,02:00:00,18,0,1,23.7,17,no_points
2,L SARGEANT,USA,2023,Sprint,2023-07-01,14:30:00,2023-07-01,15:00:00,02:00:00,18,0,1,23.7,17,no_points
4,L NORRIS,GBR,2023,Sprint,2023-07-01,14:30:00,2023-07-01,15:00:00,02:00:00,4,0,0,0.0,20,points
4,L NORRIS,GBR,2023,Sprint,2023-07-01,14:30:00,2023-07-01,15:00:00,02:00:00,4,0,0,0.0,20,points
10,P GASLY,FRA,2023,Sprint,2023-07-01,14:30:00,2023-07-01,15:00:00,02:00:00,9,0,0,0.0,19,points
10,P GASLY,FRA,2023,Sprint,2023-07-01,14:30:00,2023-07-01,15:00:00,02:00:00,9,0,0,0.0,19,points
11,S PEREZ,MEX,2023,Sprint,2023-07-01,14:30:00,2023-07-01,15:00:00,02:00:00,15,3,0,0.0,5,top3
11,S PEREZ,MEX,2023,Sprint,2023-07-01,14:30:00,2023-07-01,15:00:00,02:00:00,15,3,0,0.0,5,top3
14,F ALONSO,ESP,2023,Sprint,2023-07-01,14:30:00,2023-07-01,15:00:00,02:00:00,7,0,0,0.0,8,points
14,F ALONSO,ESP,2023,Sprint,2023-07-01,14:30:00,2023-07-01,15:00:00,02:00:00,7,0,0,0.0,8,points
16,C LECLERC,MON,2023,Sprint,2023-07-01,14:30:00,2023-07-01,15:00:00,02:00:00,2,0,1,23.3,3,top3
16,C LECLERC,MON,2023,Sprint,2023-07-01,14:30:00,2023-07-01,15:00:00,02:00:00,2,0,1,23.3,3,top3
18,L STROLL,CAN,2023,Sprint,2023-07-01,14:30:00,2023-07-01,15:00:00,02:00:00,6,0,0,0.0,6,points
18,L STROLL,CAN,2023,Sprint,2023-07-01,14:30:00,2023-07-01,15:00:00,02:00:00,6,0,0,0.0,6,points
20,K MAGNUSSEN,DEN,2023,Sprint,2023-07-01,14:30:00,2023-07-01,15:00:00,02:00:00,19,0,1,23.4,7,no_points
20,K MAGNUSSEN,DEN,2023,Sprint,2023-07-01,14:30:00,2023-07-01,15:00:00,02:00:00,19,0,1,23.4,7,no_points
21,N DE VRIES,NED,2023,Sprint,2023-07-01,14:30:00,2023-07-01,15:00:00,02:00:00,20,0,1,24.0,16,no_points
21,N DE VRIES,NED,2023,Sprint,2023-07-01,14:30:00,2023-07-01,15:00:00,02:00:00,20,0,1,24.0,16,no_points
22,Y TSUNODA,JPN,2023,Sprint,2023-07-01,14:30:00,2023-07-01,15:00:00,02:00:00,16,0,1,22.7,15,no_points
22,Y TSUNODA,JPN,2023,Sprint,2023-07-01,14:30:00,2023-07-01,15:00:00,02:00:00,16,0,1,22.7,15,no_points
23,A ALBON,THA,2023,Sprint,2023-07-01,14:30:00,2023-07-01,15:00:00,02:00:00,10,0,1,24.9,11,no_points
23,A ALBON,THA,2023,Sprint,2023-07-01,14:30:00,2023-07-01,15:00:00,02:00:00,10,0,1,24.9,11,no_points
24,G ZHOU,CHN,2023,Sprint,2023-07-01,14:30:00,2023-07-01,15:00:00,02:00:00,17,0,1,22.6,10,no_points
24,G ZHOU,CHN,2023,Sprint,2023-07-01,14:30:00,2023-07-01,15:00:00,02:00:00,17,0,1,22.6,10,no_points
27,N HULKENBERG,GER,2023,Sprint,2023-07-01,14:30:00,2023-07-01,15:00:00,02:00:00,8,0,1,23.3,13,no_points
27,N HULKENBERG,GER,2023,Sprint,2023-07-01,14:30:00,2023-07-01,15:00:00,02:00:00,8,0,1,23.3,13,no_points
31,E OCON,FRA,2023,Sprint,2023-07-01,14:30:00,2023-07-01,15:00:00,02:00:00,12,0,0,0.0,18,no_points
31,E OCON,FRA,2023,Sprint,2023-07-01,14:30:00,2023-07-01,15:00:00,02:00:00,12,0,0,0.0,18,no_points
44,L HAMILTON,GBR,2023,Sprint,2023-07-01,14:30:00,2023-07-01,15:00:00,02:00:00,5,0,1,22.1,4,points
44,L HAMILTON,GBR,2023,Sprint,2023-07-01,14:30:00,2023-07-01,15:00:00,02:00:00,5,0,1,22.1,4,points
55,C SAINZ,ESP,2023,Sprint,2023-07-01,14:30:00,2023-07-01,15:00:00,02:00:00,3,0,0,0.0,2,points
55,C SAINZ,ESP,2023,Sprint,2023-07-01,14:30:00,2023-07-01,15:00:00,02:00:00,3,0,0,0.0,2,points
63,G RUSSELL,GBR,2023,Sprint,2023-07-01,14:30:00,2023-07-01,15:00:00,02:00:00,11,0,1,22.5,9,points
63,G RUSSELL,GBR,2023,Sprint,2023-07-01,14:30:00,2023-07-01,15:00:00,02:00:00,11,0,1,22.5,9,points
77,V BOTTAS,FIN,2023,Sprint,2023-07-01,14:30:00,2023-07-01,15:00:00,02:00:00,14,0,0,0.0,14,no_points
77,V BOTTAS,FIN,2023,Sprint,2023-07-01,14:30:00,2023-07-01,15:00:00,02:00:00,14,0,0,0.0,14,no_points
81,O PIASTRI,AUS,2023,Sprint,2023-07-01,14:30:00,2023-07-01,15:00:00,02:00:00,13,0,1,22.5,12,no_points
81,O PIASTRI,AUS,2023,Sprint,2023-07-01,14:30:00,2023-07-01,15:00:00,02:00:00,13,0,1,22.5,12,no_points
1,M VERSTAPPEN,NED,2023,Race,2023-07-02,13:00:00,2023-07-02,15:00:00,02:00:00,1,6,4,20.125,1,winner
1,M VERSTAPPEN,NED,2023,Race,2023-07-02,13:00:00,2023-07-02,15:00:00,02:00:00,1,7,4,20.125,1,winner
2,L SARGEANT,USA,2023,Race,2023-07-02,13:00:00,2023-07-02,15:00:00,02:00:00,18,0,3,20.633333333333336,17,no_points
2,L SARGEANT,USA,2023,Race,2023-07-02,13:00:00,2023-07-02,15:00:00,02:00:00,18,0,3,20.633333333333336,17,no_points
4,L NORRIS,GBR,2023,Race,2023-07-02,13:00:00,2023-07-02,15:00:00,02:00:00,4,0,3,20.400000000000002,20,points
4,L NORRIS,GBR,2023,Race,2023-07-02,13:00:00,2023-07-02,15:00:00,02:00:00,4,0,3,20.400000000000002,20,points
10,P GASLY,FRA,2023,Race,2023-07-02,13:00:00,2023-07-02,15:00:00,02:00:00,9,0,3,21.96666666666667,19,points
10,P GASLY,FRA,2023,Race,2023-07-02,13:00:00,2023-07-02,15:00:00,02:00:00,9,0,3,21.96666666666667,19,points
11,S PEREZ,MEX,2023,Race,2023-07-02,13:00:00,2023-07-02,15:00:00,02:00:00,15,3,3,20.066666666666666,5,top3
11,S PEREZ,MEX,2023,Race,2023-07-02,13:00:00,2023-07-02,15:00:00,02:00:00,15,3,3,20.066666666666666,5,top3
14,F ALONSO,ESP,2023,Race,2023-07-02,13:00:00,2023-07-02,15:00:00,02:00:00,7,0,3,20.266666666666666,8,points
14,F ALONSO,ESP,2023,Race,2023-07-02,13:00:00,2023-07-02,15:00:00,02:00:00,7,0,3,20.266666666666666,8,points
16,C LECLERC,MON,2023,Race,2023-07-02,13:00:00,2023-07-02,15:00:00,02:00:00,2,0,3,20.366666666666664,3,top3
16,C LECLERC,MON,2023,Race,2023-07-02,13:00:00,2023-07-02,15:00:00,02:00:00,2,0,3,20.366666666666664,3,top3
18,L STROLL,CAN,2023,Race,2023-07-02,13:00:00,2023-07-02,15:00:00,02:00:00,6,0,4,21.175,6,points
18,L STROLL,CAN,2023,Race,2023-07-02,13:00:00,2023-07-02,15:00:00,02:00:00,6,0,4,21.175,6,points
20,K MAGNUSSEN,DEN,2023,Race,2023-07-02,13:00:00,2023-07-02,15:00:00,02:00:00,19,0,3,24.766666666666666,7,no_points
20,K MAGNUSSEN,DEN,2023,Race,2023-07-02,13:00:00,2023-07-02,15:00:00,02:00:00,19,0,3,24.766666666666666,7,no_points
21,N DE VRIES,NED,2023,Race,2023-07-02,13:00:00,2023-07-02,15:00:00,02:00:00,20,0,3,19.766666666666666,16,no_points
21,N DE VRIES,NED,2023,Race,2023-07-02,13:00:00,2023-07-02,15:00:00,02:00:00,20,0,3,19.766666666666666,16,no_points
22,Y TSUNODA,JPN,2023,Race,2023-07-02,13:00:00,2023-07-02,15:00:00,02:00:00,16,0,4,23.575,15,no_points
22,Y TSUNODA,JPN,2023,Race,2023-07-02,13:00:00,2023-07-02,15:00:00,02:00:00,16,0,4,23.575,15,no_points
23,A ALBON,THA,2023,Race,2023-07-02,13:00:00,2023-07-02,15:00:00,02:00:00,10,0,3,21.933333333333334,11,no_points
23,A ALBON,THA,2023,Race,2023-07-02,13:00:00,2023-07-02,15:00:00,02:00:00,10,0,3,21.933333333333334,11,no_points
24,G ZHOU,CHN,2023,Race,2023-07-02,13:00:00,2023-07-02,15:00:00,02:00:00,17,0,3,21.2,10,no_points
24,G ZHOU,CHN,2023,Race,2023-07-02,13:00:00,2023-07-02,15:00:00,02:00:00,17,0,3,21.2,10,no_points
27,N HULKENBERG,GER,2023,Race,2023-07-02,13:00:00,2023-07-02,15:00:00,02:00:00,8,0,2,19.25,13,no_points
27,N HULKENBERG,GER,2023,Race,2023-07-02,13:00:00,2023-07-02,15:00:00,02:00:00,8,0,2,19.25,13,no_points
31,E OCON,FRA,2023,Race,2023-07-02,13:00:00,2023-07-02,15:00:00,02:00:00,12,0,3,23.5,18,no_points
31,E OCON,FRA,2023,Race,2023-07-02,13:00:00,2023-07-02,15:00:00,02:00:00,12,0,3,23.5,18,no_points
44,L HAMILTON,GBR,2023,Race,2023-07-02,13:00:00,2023-07-02,15:00:00,02:00:00,5,0,3,22.0,4,points
44,L HAMILTON,GBR,2023,Race,2023-07-02,13:00:00,2023-07-02,15:00:00,02:00:00,5,0,3,22.0,4,points
55,C SAINZ,ESP,2023,Race,2023-07-02,13:00:00,2023-07-02,15:00:00,02:00:00,3,0,3,23.666666666666668,2,points
55,C SAINZ,ESP,2023,Race,2023-07-02,13:00:00,2023-07-02,15:00:00,02:00:00,3,0,3,23.666666666666668,2,points
63,G RUSSELL,GBR,2023,Race,2023-07-02,13:00:00,2023-07-02,15:00:00,02:00:00,11,0,3,20.599999999999998,9,points
63,G RUSSELL,GBR,2023,Race,2023-07-02,13:00:00,2023-07-02,15:00:00,02:00:00,11,0,3,20.599999999999998,9,points
77,V BOTTAS,FIN,2023,Race,2023-07-02,13:00:00,2023-07-02,15:00:00,02:00:00,14,0,3,23.566666666666666,14,no_points
77,V BOTTAS,FIN,2023,Race,2023-07-02,13:00:00,2023-07-02,15:00:00,02:00:00,14,0,3,23.566666666666666,14,no_points
81,O PIASTRI,AUS,2023,Race,2023-07-02,13:00:00,2023-07-02,15:00:00,02:00:00,13,0,4,22.975,12,no_points
81,O PIASTRI,AUS,2023,Race,2023-07-02,13:00:00,2023-07-02,15:00:00,02:00:00,13,0,4,22.975,12,no_points
1,M VERSTAPPEN,NED,2023,Race,2023-07-09,14:00:00,2023-07-09,16:00:00,01:00:00,1,8,1,29.0,8,winner
2,L SARGEANT,USA,2023,Race,2023-07-09,14:00:00,2023-07-09,16:00:00,01:00:00,14,0,1,28.8,7,no_points
4,L NORRIS,GBR,2023,Race,2023-07-09,14:00:00,2023-07-09,16:00:00,01:00:00,2,0,1,28.4,12,top3
10,P GASLY,FRA,2023,Race,2023-07-09,14:00:00,2023-07-09,16:00:00,01:00:00,10,0,1,28.4,4,no_points
11,S PEREZ,MEX,2023,Race,2023-07-09,14:00:00,2023-07-09,16:00:00,01:00:00,15,3,1,28.0,14,points
14,F ALONSO,ESP,2023,Race,2023-07-09,14:00:00,2023-07-09,16:00:00,01:00:00,9,0,1,28.6,3,points
16,C LECLERC,MON,2023,Race,2023-07-09,14:00:00,2023-07-09,16:00:00,01:00:00,4,0,2,28.5,1,points
18,L STROLL,CAN,2023,Race,2023-07-09,14:00:00,2023-07-09,16:00:00,01:00:00,12,0,1,28.5,13,no_points
20,K MAGNUSSEN,DEN,2023,Race,2023-07-09,14:00:00,2023-07-09,16:00:00,01:00:00,19,0,0,0.0,15,no_points
21,N DE VRIES,NED,2023,Race,2023-07-09,14:00:00,2023-07-09,16:00:00,01:00:00,18,0,2,28.299999999999997,11,no_points
22,Y TSUNODA,JPN,2023,Race,2023-07-09,14:00:00,2023-07-09,16:00:00,01:00:00,16,0,2,28.450000000000003,10,no_points
23,A ALBON,THA,2023,Race,2023-07-09,14:00:00,2023-07-09,16:00:00,01:00:00,8,0,1,29.6,2,points
24,G ZHOU,CHN,2023,Race,2023-07-09,14:00:00,2023-07-09,16:00:00,01:00:00,17,0,3,30.7,20,no_points
27,N HULKENBERG,GER,2023,Race,2023-07-09,14:00:00,2023-07-09,16:00:00,01:00:00,11,0,2,35.95,19,no_points
31,E OCON,FRA,2023,Race,2023-07-09,14:00:00,2023-07-09,16:00:00,01:00:00,13,0,0,0.0,16,no_points
44,L HAMILTON,GBR,2023,Race,2023-07-09,14:00:00,2023-07-09,16:00:00,01:00:00,7,0,1,29.1,5,top3
55,C SAINZ,ESP,2023,Race,2023-07-09,14:00:00,2023-07-09,16:00:00,01:00:00,5,0,1,28.8,6,points
63,G RUSSELL,GBR,2023,Race,2023-07-09,14:00:00,2023-07-09,16:00:00,01:00:00,6,0,1,29.4,9,points
77,V BOTTAS,FIN,2023,Race,2023-07-09,14:00:00,2023-07-09,16:00:00,01:00:00,20,0,1,29.6,18,no_points
81,O PIASTRI,AUS,2023,Race,2023-07-09,14:00:00,2023-07-09,16:00:00,01:00:00,3,0,1,28.6,17,points
1,M VERSTAPPEN,NED,2023,Race,2023-07-23,13:00:00,2023-07-23,15:00:00,02:00:00,2,9,2,21.5,2,winner
2,L SARGEANT,USA,2023,Race,2023-07-23,13:00:00,2023-07-23,15:00:00,02:00:00,20,0,2,23.05,17,no_points
3,D RICCIARDO,AUS,2023,Race,2023-07-23,13:00:00,2023-07-23,15:00:00,02:00:00,13,0,2,22.049999999999997,18,no_points
4,L NORRIS,GBR,2023,Race,2023-07-23,13:00:00,2023-07-23,15:00:00,02:00:00,3,0,2,21.45,5,top3
10,P GASLY,FRA,2023,Race,2023-07-23,13:00:00,2023-07-23,15:00:00,02:00:00,15,0,0,0.0,16,no_points
11,S PEREZ,MEX,2023,Race,2023-07-23,13:00:00,2023-07-23,15:00:00,02:00:00,9,3,2,21.3,3,top3
14,F ALONSO,ESP,2023,Race,2023-07-23,13:00:00,2023-07-23,15:00:00,02:00:00,8,0,2,23.5,9,points
16,C LECLERC,MON,2023,Race,2023-07-23,13:00:00,2023-07-23,15:00:00,02:00:00,6,0,2,24.9,7,points
18,L STROLL,CAN,2023,Race,2023-07-23,13:00:00,2023-07-23,15:00:00,02:00:00,14,0,2,22.15,11,points
20,K MAGNUSSEN,DEN,2023,Race,2023-07-23,13:00:00,2023-07-23,15:00:00,02:00:00,19,0,2,22.4,15,no_points
22,Y TSUNODA,JPN,2023,Race,2023-07-23,13:00:00,2023-07-23,15:00:00,02:00:00,17,0,2,23.6,20,no_points
23,A ALBON,THA,2023,Race,2023-07-23,13:00:00,2023-07-23,15:00:00,02:00:00,16,0,2,21.85,13,no_points
24,G ZHOU,CHN,2023,Race,2023-07-23,13:00:00,2023-07-23,15:00:00,02:00:00,5,0,2,26.0,12,no_points
27,N HULKENBERG,GER,2023,Race,2023-07-23,13:00:00,2023-07-23,15:00:00,02:00:00,10,0,2,22.4,4,no_points
31,E OCON,FRA,2023,Race,2023-07-23,13:00:00,2023-07-23,15:00:00,02:00:00,12,0,0,0.0,19,no_points
44,L HAMILTON,GBR,2023,Race,2023-07-23,13:00:00,2023-07-23,15:00:00,02:00:00,1,0,2,21.799999999999997,1,points
55,C SAINZ,ESP,2023,Race,2023-07-23,13:00:00,2023-07-23,15:00:00,02:00:00,11,0,2,21.7,8,points
63,G RUSSELL,GBR,2023,Race,2023-07-23,13:00:00,2023-07-23,15:00:00,02:00:00,18,0,2,21.700000000000003,6,points
77,V BOTTAS,FIN,2023,Race,2023-07-23,13:00:00,2023-07-23,15:00:00,02:00:00,7,0,2,22.65,10,no_points
81,O PIASTRI,AUS,2023,Race,2023-07-23,13:00:00,2023-07-23,15:00:00,02:00:00,4,0,2,21.55,14,points
1,M VERSTAPPEN,NED,2023,Sprint,2023-07-29,15:05:00,2023-07-29,15:35:00,02:00:00,6,10,1,24.3,20,winner
1,M VERSTAPPEN,NED,2023,Sprint,2023-07-29,15:05:00,2023-07-29,15:35:00,02:00:00,6,11,1,24.3,20,winner
2,L SARGEANT,USA,2023,Sprint,2023-07-29,15:05:00,2023-07-29,15:35:00,02:00:00,18,0,1,24.9,16,no_points
2,L SARGEANT,USA,2023,Sprint,2023-07-29,15:05:00,2023-07-29,15:35:00,02:00:00,18,0,1,24.9,16,no_points
3,D RICCIARDO,AUS,2023,Sprint,2023-07-29,15:05:00,2023-07-29,15:35:00,02:00:00,19,0,0,0.0,9,no_points
3,D RICCIARDO,AUS,2023,Sprint,2023-07-29,15:05:00,2023-07-29,15:35:00,02:00:00,19,0,0,0.0,9,no_points
4,L NORRIS,GBR,2023,Sprint,2023-07-29,15:05:00,2023-07-29,15:35:00,02:00:00,7,0,1,26.3,3,points
4,L NORRIS,GBR,2023,Sprint,2023-07-29,15:05:00,2023-07-29,15:35:00,02:00:00,7,0,1,26.3,3,points
10,P GASLY,FRA,2023,Sprint,2023-07-29,15:05:00,2023-07-29,15:35:00,02:00:00,12,0,0,0.0,18,no_points
10,P GASLY,FRA,2023,Sprint,2023-07-29,15:05:00,2023-07-29,15:35:00,02:00:00,12,0,0,0.0,18,no_points
11,S PEREZ,MEX,2023,Sprint,2023-07-29,15:05:00,2023-07-29,15:35:00,02:00:00,2,3,0,0.0,5,top3
11,S PEREZ,MEX,2023,Sprint,2023-07-29,15:05:00,2023-07-29,15:35:00,02:00:00,2,3,0,0.0,5,top3
14,F ALONSO,ESP,2023,Sprint,2023-07-29,15:05:00,2023-07-29,15:35:00,02:00:00,9,0,1,23.9,11,points
14,F ALONSO,ESP,2023,Sprint,2023-07-29,15:05:00,2023-07-29,15:35:00,02:00:00,9,0,1,23.9,11,points
16,C LECLERC,MON,2023,Sprint,2023-07-29,15:05:00,2023-07-29,15:35:00,02:00:00,1,0,1,26.5,4,top3
16,C LECLERC,MON,2023,Sprint,2023-07-29,15:05:00,2023-07-29,15:35:00,02:00:00,1,0,1,26.5,4,top3
18,L STROLL,CAN,2023,Sprint,2023-07-29,15:05:00,2023-07-29,15:35:00,02:00:00,10,0,0,0.0,17,points
18,L STROLL,CAN,2023,Sprint,2023-07-29,15:05:00,2023-07-29,15:35:00,02:00:00,10,0,0,0.0,17,points
20,K MAGNUSSEN,DEN,2023,Sprint,2023-07-29,15:05:00,2023-07-29,15:35:00,02:00:00,16,0,1,24.4,8,no_points
20,K MAGNUSSEN,DEN,2023,Sprint,2023-07-29,15:05:00,2023-07-29,15:35:00,02:00:00,16,0,1,24.4,8,no_points
22,Y TSUNODA,JPN,2023,Sprint,2023-07-29,15:05:00,2023-07-29,15:35:00,02:00:00,11,0,1,23.3,7,points
22,Y TSUNODA,JPN,2023,Sprint,2023-07-29,15:05:00,2023-07-29,15:35:00,02:00:00,11,0,1,23.3,7,points
23,A ALBON,THA,2023,Sprint,2023-07-29,15:05:00,2023-07-29,15:35:00,02:00:00,15,0,0,0.0,6,no_points
23,A ALBON,THA,2023,Sprint,2023-07-29,15:05:00,2023-07-29,15:35:00,02:00:00,15,0,0,0.0,6,no_points
24,G ZHOU,CHN,2023,Sprint,2023-07-29,15:05:00,2023-07-29,15:35:00,02:00:00,17,0,1,24.8,15,no_points
24,G ZHOU,CHN,2023,Sprint,2023-07-29,15:05:00,2023-07-29,15:35:00,02:00:00,17,0,1,24.8,15,no_points
27,N HULKENBERG,GER,2023,Sprint,2023-07-29,15:05:00,2023-07-29,15:35:00,02:00:00,20,0,0,0.0,10,no_points
27,N HULKENBERG,GER,2023,Sprint,2023-07-29,15:05:00,2023-07-29,15:35:00,02:00:00,20,0,0,0.0,10,no_points
31,E OCON,FRA,2023,Sprint,2023-07-29,15:05:00,2023-07-29,15:35:00,02:00:00,14,0,1,24.0,19,points
31,E OCON,FRA,2023,Sprint,2023-07-29,15:05:00,2023-07-29,15:35:00,02:00:00,14,0,1,24.0,19,points
44,L HAMILTON,GBR,2023,Sprint,2023-07-29,15:05:00,2023-07-29,15:35:00,02:00:00,3,0,0,0.0,12,points
44,L HAMILTON,GBR,2023,Sprint,2023-07-29,15:05:00,2023-07-29,15:35:00,02:00:00,3,0,0,0.0,12,points
55,C SAINZ,ESP,2023,Sprint,2023-07-29,15:05:00,2023-07-29,15:35:00,02:00:00,4,0,0,0.0,1,no_points
55,C SAINZ,ESP,2023,Sprint,2023-07-29,15:05:00,2023-07-29,15:35:00,02:00:00,4,0,0,0.0,1,no_points
63,G RUSSELL,GBR,2023,Sprint,2023-07-29,15:05:00,2023-07-29,15:35:00,02:00:00,8,0,1,24.5,13,points
63,G RUSSELL,GBR,2023,Sprint,2023-07-29,15:05:00,2023-07-29,15:35:00,02:00:00,8,0,1,24.5,13,points
77,V BOTTAS,FIN,2023,Sprint,2023-07-29,15:05:00,2023-07-29,15:35:00,02:00:00,13,0,0,0.0,14,no_points
77,V BOTTAS,FIN,2023,Sprint,2023-07-29,15:05:00,2023-07-29,15:35:00,02:00:00,13,0,0,0.0,14,no_points
81,O PIASTRI,AUS,2023,Sprint,2023-07-29,15:05:00,2023-07-29,15:35:00,02:00:00,5,0,0,0.0,2,no_points
81,O PIASTRI,AUS,2023,Sprint,2023-07-29,15:05:00,2023-07-29,15:35:00,02:00:00,5,0,0,0.0,2,no_points
1,M VERSTAPPEN,NED,2023,Race,2023-07-30,13:00:00,2023-07-30,15:00:00,02:00:00,6,10,2,22.9,20,winner
1,M VERSTAPPEN,NED,2023,Race,2023-07-30,13:00:00,2023-07-30,15:00:00,02:00:00,6,11,2,22.9,20,winner
2,L SARGEANT,USA,2023,Race,2023-07-30,13:00:00,2023-07-30,15:00:00,02:00:00,18,0,3,23.5,16,no_points
2,L SARGEANT,USA,2023,Race,2023-07-30,13:00:00,2023-07-30,15:00:00,02:00:00,18,0,3,23.5,16,no_points
3,D RICCIARDO,AUS,2023,Race,2023-07-30,13:00:00,2023-07-30,15:00:00,02:00:00,19,0,2,23.0,9,no_points
3,D RICCIARDO,AUS,2023,Race,2023-07-30,13:00:00,2023-07-30,15:00:00,02:00:00,19,0,2,23.0,9,no_points
4,L NORRIS,GBR,2023,Race,2023-07-30,13:00:00,2023-07-30,15:00:00,02:00:00,7,0,2,24.35,3,points
4,L NORRIS,GBR,2023,Race,2023-07-30,13:00:00,2023-07-30,15:00:00,02:00:00,7,0,2,24.35,3,points
10,P GASLY,FRA,2023,Race,2023-07-30,13:00:00,2023-07-30,15:00:00,02:00:00,12,0,1,25.6,18,no_points
10,P GASLY,FRA,2023,Race,2023-07-30,13:00:00,2023-07-30,15:00:00,02:00:00,12,0,1,25.6,18,no_points
11,S PEREZ,MEX,2023,Race,2023-07-30,13:00:00,2023-07-30,15:00:00,02:00:00,2,3,2,23.15,5,top3
11,S PEREZ,MEX,2023,Race,2023-07-30,13:00:00,2023-07-30,15:00:00,02:00:00,2,3,2,23.15,5,top3
14,F ALONSO,ESP,2023,Race,2023-07-30,13:00:00,2023-07-30,15:00:00,02:00:00,9,0,2,23.35,11,points
14,F ALONSO,ESP,2023,Race,2023-07-30,13:00:00,2023-07-30,15:00:00,02:00:00,9,0,2,23.35,11,points
16,C LECLERC,MON,2023,Race,2023-07-30,13:00:00,2023-07-30,15:00:00,02:00:00,1,0,2,23.15,4,top3
16,C LECLERC,MON,2023,Race,2023-07-30,13:00:00,2023-07-30,15:00:00,02:00:00,1,0,2,23.15,4,top3
18,L STROLL,CAN,2023,Race,2023-07-30,13:00:00,2023-07-30,15:00:00,02:00:00,10,0,1,25.3,17,points
18,L STROLL,CAN,2023,Race,2023-07-30,13:00:00,2023-07-30,15:00:00,02:00:00,10,0,1,25.3,17,points
20,K MAGNUSSEN,DEN,2023,Race,2023-07-30,13:00:00,2023-07-30,15:00:00,02:00:00,16,0,2,23.55,8,no_points
20,K MAGNUSSEN,DEN,2023,Race,2023-07-30,13:00:00,2023-07-30,15:00:00,02:00:00,16,0,2,23.55,8,no_points
22,Y TSUNODA,JPN,2023,Race,2023-07-30,13:00:00,2023-07-30,15:00:00,02:00:00,11,0,2,22.65,7,points
22,Y TSUNODA,JPN,2023,Race,2023-07-30,13:00:00,2023-07-30,15:00:00,02:00:00,11,0,2,22.65,7,points
23,A ALBON,THA,2023,Race,2023-07-30,13:00:00,2023-07-30,15:00:00,02:00:00,15,0,3,24.0,6,no_points
23,A ALBON,THA,2023,Race,2023-07-30,13:00:00,2023-07-30,15:00:00,02:00:00,15,0,3,24.0,6,no_points
24,G ZHOU,CHN,2023,Race,2023-07-30,13:00:00,2023-07-30,15:00:00,02:00:00,17,0,2,24.2,15,no_points
24,G ZHOU,CHN,2023,Race,2023-07-30,13:00:00,2023-07-30,15:00:00,02:00:00,17,0,2,24.2,15,no_points
27,N HULKENBERG,GER,2023,Race,2023-07-30,13:00:00,2023-07-30,15:00:00,02:00:00,20,0,2,24.85,10,no_points
27,N HULKENBERG,GER,2023,Race,2023-07-30,13:00:00,2023-07-30,15:00:00,02:00:00,20,0,2,24.85,10,no_points
31,E OCON,FRA,2023,Race,2023-07-30,13:00:00,2023-07-30,15:00:00,02:00:00,14,0,2,23.15,19,points
31,E OCON,FRA,2023,Race,2023-07-30,13:00:00,2023-07-30,15:00:00,02:00:00,14,0,2,23.15,19,points
44,L HAMILTON,GBR,2023,Race,2023-07-30,13:00:00,2023-07-30,15:00:00,02:00:00,3,0,3,23.03333333333333,12,points
44,L HAMILTON,GBR,2023,Race,2023-07-30,13:00:00,2023-07-30,15:00:00,02:00:00,3,0,3,23.03333333333333,12,points
55,C SAINZ,ESP,2023,Race,2023-07-30,13:00:00,2023-07-30,15:00:00,02:00:00,4,0,1,23.3,1,no_points
55,C SAINZ,ESP,2023,Race,2023-07-30,13:00:00,2023-07-30,15:00:00,02:00:00,4,0,1,23.3,1,no_points
63,G RUSSELL,GBR,2023,Race,2023-07-30,13:00:00,2023-07-30,15:00:00,02:00:00,8,0,1,23.8,13,points
63,G RUSSELL,GBR,2023,Race,2023-07-30,13:00:00,2023-07-30,15:00:00,02:00:00,8,0,1,23.8,13,points
77,V BOTTAS,FIN,2023,Race,2023-07-30,13:00:00,2023-07-30,15:00:00,02:00:00,13,0,2,23.5,14,no_points
77,V BOTTAS,FIN,2023,Race,2023-07-30,13:00:00,2023-07-30,15:00:00,02:00:00,13,0,2,23.5,14,no_points
81,O PIASTRI,AUS,2023,Race,2023-07-30,13:00:00,2023-07-30,15:00:00,02:00:00,5,0,0,0.0,2,no_points
81,O PIASTRI,AUS,2023,Race,2023-07-30,13:00:00,2023-07-30,15:00:00,02:00:00,5,0,0,0.0,2,no_points
1,M VERSTAPPEN,NED,2023,Race,2023-08-27,13:00:00,2023-08-27,15:00:00,02:00:00,1,12,6,430.2166666666667,1,winner
2,L SARGEANT,USA,2023,Race,2023-08-27,13:00:00,2023-08-27,15:00:00,02:00:00,10,0,0,0.0,14,no_points
4,L NORRIS,GBR,2023,Race,2023-08-27,13:00:00,2023-08-27,15:00:00,02:00:00,2,0,6,427.7333333333333,10,points
10,P GASLY,FRA,2023,Race,2023-08-27,13:00:00,2023-08-27,15:00:00,02:00:00,12,0,5,507.35999999999996,11,top3
11,S PEREZ,MEX,2023,Race,2023-08-27,13:00:00,2023-08-27,15:00:00,02:00:00,7,3,6,430.88333333333327,3,points
14,F ALONSO,ESP,2023,Race,2023-08-27,13:00:00,2023-08-27,15:00:00,02:00:00,5,0,5,508.34000000000003,4,top3
16,C LECLERC,MON,2023,Race,2023-08-27,13:00:00,2023-08-27,15:00:00,02:00:00,9,0,2,29.9,9,no_points
18,L STROLL,CAN,2023,Race,2023-08-27,13:00:00,2023-08-27,15:00:00,02:00:00,11,0,7,363.6285714285714,17,no_points
20,K MAGNUSSEN,DEN,2023,Race,2023-08-27,13:00:00,2023-08-27,15:00:00,02:00:00,20,0,6,420.1166666666666,20,no_points
22,Y TSUNODA,JPN,2023,Race,2023-08-27,13:00:00,2023-08-27,15:00:00,02:00:00,17,0,5,504.30000000000007,13,no_points
23,A ALBON,THA,2023,Race,2023-08-27,13:00:00,2023-08-27,15:00:00,02:00:00,4,0,4,630.875,6,points
24,G ZHOU,CHN,2023,Race,2023-08-27,13:00:00,2023-08-27,15:00:00,02:00:00,15,0,4,21.25,19,no_points
27,N HULKENBERG,GER,2023,Race,2023-08-27,13:00:00,2023-08-27,15:00:00,02:00:00,14,0,5,501.41999999999996,15,no_points
31,E OCON,FRA,2023,Race,2023-08-27,13:00:00,2023-08-27,15:00:00,02:00:00,16,0,6,425.3999999999999,16,points
40,L LAWSON,NZL,2023,Race,2023-08-27,13:00:00,2023-08-27,15:00:00,02:00:00,19,0,7,365.5714285714286,18,no_points
44,L HAMILTON,GBR,2023,Race,2023-08-27,13:00:00,2023-08-27,15:00:00,02:00:00,13,0,5,502.23999999999995,5,points
55,C SAINZ,ESP,2023,Race,2023-08-27,13:00:00,2023-08-27,15:00:00,02:00:00,6,0,5,504.52,12,points
63,G RUSSELL,GBR,2023,Race,2023-08-27,13:00:00,2023-08-27,15:00:00,02:00:00,3,0,7,370.45714285714286,2,no_points
77,V BOTTAS,FIN,2023,Race,2023-08-27,13:00:00,2023-08-27,15:00:00,02:00:00,18,0,5,499.52,8,no_points
81,O PIASTRI,AUS,2023,Race,2023-08-27,13:00:00,2023-08-27,15:00:00,02:00:00,8,0,5,506.66,7,points
1,M VERSTAPPEN,NED,2023,Race,2023-09-03,13:00:00,2023-09-03,15:00:00,02:00:00,2,13,1,24.2,2,winner
2,L SARGEANT,USA,2023,Race,2023-09-03,13:00:00,2023-09-03,15:00:00,02:00:00,15,0,1,24.7,15,no_points
4,L NORRIS,GBR,2023,Race,2023-09-03,13:00:00,2023-09-03,15:00:00,02:00:00,9,0,1,23.7,17,points
10,P GASLY,FRA,2023,Race,2023-09-03,13:00:00,2023-09-03,15:00:00,02:00:00,17,0,2,25.950000000000003,20,no_points
11,S PEREZ,MEX,2023,Race,2023-09-03,13:00:00,2023-09-03,15:00:00,02:00:00,5,3,1,23.8,10,top3
14,F ALONSO,ESP,2023,Race,2023-09-03,13:00:00,2023-09-03,15:00:00,02:00:00,10,0,1,24.7,5,points
16,C LECLERC,MON,2023,Race,2023-09-03,13:00:00,2023-09-03,15:00:00,02:00:00,3,0,1,23.9,4,points
18,L STROLL,CAN,2023,Race,2023-09-03,13:00:00,2023-09-03,15:00:00,02:00:00,20,0,1,25.6,11,no_points
20,K MAGNUSSEN,DEN,2023,Race,2023-09-03,13:00:00,2023-09-03,15:00:00,02:00:00,19,0,2,24.65,7,no_points
22,Y TSUNODA,JPN,2023,Race,2023-09-03,13:00:00,2023-09-03,15:00:00,02:00:00,11,0,0,0.0,13,no_points
23,A ALBON,THA,2023,Race,2023-09-03,13:00:00,2023-09-03,15:00:00,02:00:00,6,0,1,24.5,9,points
24,G ZHOU,CHN,2023,Race,2023-09-03,13:00:00,2023-09-03,15:00:00,02:00:00,16,0,2,25.1,19,no_points
27,N HULKENBERG,GER,2023,Race,2023-09-03,13:00:00,2023-09-03,15:00:00,02:00:00,13,0,2,25.15,8,no_points
31,E OCON,FRA,2023,Race,2023-09-03,13:00:00,2023-09-03,15:00:00,02:00:00,18,0,1,24.2,18,no_points
40,L LAWSON,NZL,2023,Race,2023-09-03,13:00:00,2023-09-03,15:00:00,02:00:00,12,0,2,24.2,12,no_points
44,L HAMILTON,GBR,2023,Race,2023-09-03,13:00:00,2023-09-03,15:00:00,02:00:00,8,0,1,24.2,3,points
55,C SAINZ,ESP,2023,Race,2023-09-03,13:00:00,2023-09-03,15:00:00,02:00:00,1,0,1,25.1,1,top3
63,G RUSSELL,GBR,2023,Race,2023-09-03,13:00:00,2023-09-03,15:00:00,02:00:00,4,0,1,24.2,6,points
77,V BOTTAS,FIN,2023,Race,2023-09-03,13:00:00,2023-09-03,15:00:00,02:00:00,14,0,1,24.6,16,points
81,O PIASTRI,AUS,2023,Race,2023-09-03,13:00:00,2023-09-03,15:00:00,02:00:00,7,0,2,27.9,14,no_points
1,M VERSTAPPEN,NED,2023,Race,2023-09-17,12:00:00,2023-09-17,14:00:00,08:00:00,11,14,1,29.6,4,points
2,L SARGEANT,USA,2023,Race,2023-09-17,12:00:00,2023-09-17,14:00:00,08:00:00,18,0,2,47.25,20,no_points
4,L NORRIS,GBR,2023,Race,2023-09-17,12:00:00,2023-09-17,14:00:00,08:00:00,4,0,1,29.4,3,top3
10,P GASLY,FRA,2023,Race,2023-09-17,12:00:00,2023-09-17,14:00:00,08:00:00,12,0,1,31.8,15,points
11,S PEREZ,MEX,2023,Race,2023-09-17,12:00:00,2023-09-17,14:00:00,08:00:00,13,3,1,28.9,8,points
14,F ALONSO,ESP,2023,Race,2023-09-17,12:00:00,2023-09-17,14:00:00,08:00:00,7,0,2,41.650000000000006,13,no_points
16,C LECLERC,MON,2023,Race,2023-09-17,12:00:00,2023-09-17,14:00:00,08:00:00,3,0,1,32.8,5,points
20,K MAGNUSSEN,DEN,2023,Race,2023-09-17,12:00:00,2023-09-17,14:00:00,08:00:00,6,0,2,32.2,11,points
22,Y TSUNODA,JPN,2023,Race,2023-09-17,12:00:00,2023-09-17,14:00:00,08:00:00,15,0,0,0.0,10,no_points
23,A ALBON,THA,2023,Race,2023-09-17,12:00:00,2023-09-17,14:00:00,08:00:00,14,0,2,29.9,17,no_points
24,G ZHOU,CHN,2023,Race,2023-09-17,12:00:00,2023-09-17,14:00:00,08:00:00,19,0,2,30.3,19,no_points
27,N HULKENBERG,GER,2023,Race,2023-09-17,12:00:00,2023-09-17,14:00:00,08:00:00,9,0,1,35.4,9,no_points
31,E OCON,FRA,2023,Race,2023-09-17,12:00:00,2023-09-17,14:00:00,08:00:00,8,0,1,29.7,12,no_points
40,L LAWSON,NZL,2023,Race,2023-09-17,12:00:00,2023-09-17,14:00:00,08:00:00,10,0,1,32.3,16,points
44,L HAMILTON,GBR,2023,Race,2023-09-17,12:00:00,2023-09-17,14:00:00,08:00:00,5,0,2,33.05,6,top3
55,C SAINZ,ESP,2023,Race,2023-09-17,12:00:00,2023-09-17,14:00:00,08:00:00,1,0,1,29.4,1,winner
63,G RUSSELL,GBR,2023,Race,2023-09-17,12:00:00,2023-09-17,14:00:00,08:00:00,2,0,2,29.95,2,no_points
77,V BOTTAS,FIN,2023,Race,2023-09-17,12:00:00,2023-09-17,14:00:00,08:00:00,16,0,1,30.4,18,no_points
81,O PIASTRI,AUS,2023,Race,2023-09-17,12:00:00,2023-09-17,14:00:00,08:00:00,17,0,1,29.3,7,points
1,M VERSTAPPEN,NED,2023,Race,2023-09-24,05:00:00,2023-09-24,07:00:00,09:00:00,1,14,2,23.950000000000003,1,winner
2,L SARGEANT,USA,2023,Race,2023-09-24,05:00:00,2023-09-24,07:00:00,09:00:00,20,0,3,37.199999999999996,16,no_points
4,L NORRIS,GBR,2023,Race,2023-09-24,05:00:00,2023-09-24,07:00:00,09:00:00,3,0,2,23.3,2,top3
10,P GASLY,FRA,2023,Race,2023-09-24,05:00:00,2023-09-24,07:00:00,09:00:00,12,0,2,24.5,20,points
11,S PEREZ,MEX,2023,Race,2023-09-24,05:00:00,2023-09-24,07:00:00,09:00:00,5,3,4,647.575,4,no_points
14,F ALONSO,ESP,2023,Race,2023-09-24,05:00:00,2023-09-24,07:00:00,09:00:00,10,0,2,24.1,9,points
16,C LECLERC,MON,2023,Race,2023-09-24,05:00:00,2023-09-24,07:00:00,09:00:00,4,0,2,23.0,5,points
18,L STROLL,CAN,2023,Race,2023-09-24,05:00:00,2023-09-24,07:00:00,09:00:00,17,0,1,23.4,19,no_points
20,K MAGNUSSEN,DEN,2023,Race,2023-09-24,05:00:00,2023-09-24,07:00:00,09:00:00,15,0,2,23.8,12,no_points
22,Y TSUNODA,JPN,2023,Race,2023-09-24,05:00:00,2023-09-24,07:00:00,09:00:00,9,0,2,23.1,14,no_points
23,A ALBON,THA,2023,Race,2023-09-24,05:00:00,2023-09-24,07:00:00,09:00:00,13,0,2,51.1,18,no_points
24,G ZHOU,CHN,2023,Race,2023-09-24,05:00:00,2023-09-24,07:00:00,09:00:00,19,0,3,29.7,10,no_points
27,N HULKENBERG,GER,2023,Race,2023-09-24,05:00:00,2023-09-24,07:00:00,09:00:00,18,0,3,23.46666666666667,15,no_points
31,E OCON,FRA,2023,Race,2023-09-24,05:00:00,2023-09-24,07:00:00,09:00:00,14,0,2,25.35,13,points
40,L LAWSON,NZL,2023,Race,2023-09-24,05:00:00,2023-09-24,07:00:00,09:00:00,11,0,2,23.35,17,no_points
44,L HAMILTON,GBR,2023,Race,2023-09-24,05:00:00,2023-09-24,07:00:00,09:00:00,7,0,2,24.200000000000003,7,points
55,C SAINZ,ESP,2023,Race,2023-09-24,05:00:00,2023-09-24,07:00:00,09:00:00,6,1,2,23.15,6,points
63,G RUSSELL,GBR,2023,Race,2023-09-24,05:00:00,2023-09-24,07:00:00,09:00:00,8,0,1,24.0,8,points
77,V BOTTAS,FIN,2023,Race,2023-09-24,05:00:00,2023-09-24,07:00:00,09:00:00,16,0,2,54.65,11,no_points
81,O PIASTRI,AUS,2023,Race,2023-09-24,05:00:00,2023-09-24,07:00:00,09:00:00,2,0,2,23.75,3,top3
1,M VERSTAPPEN,NED,2023,Race,2023-10-29,20:00:00,2023-10-29,22:00:00,-06:00:00,3,19,3,417.93333333333334,1,winner
2,L SARGEANT,USA,2023,Race,2023-10-29,20:00:00,2023-10-29,22:00:00,-06:00:00,19,0,2,625.8000000000001,11,no_points
3,D RICCIARDO,AUS,2023,Race,2023-10-29,20:00:00,2023-10-29,22:00:00,-06:00:00,4,0,2,619.75,9,points
4,L NORRIS,GBR,2023,Race,2023-10-29,20:00:00,2023-10-29,22:00:00,-06:00:00,17,0,3,424.06666666666666,8,points
10,P GASLY,FRA,2023,Race,2023-10-29,20:00:00,2023-10-29,22:00:00,-06:00:00,11,0,2,624.0999999999999,18,no_points
11,S PEREZ,MEX,2023,Race,2023-10-29,20:00:00,2023-10-29,22:00:00,-06:00:00,5,3,0,0.0,3,no_points
14,F ALONSO,ESP,2023,Race,2023-10-29,20:00:00,2023-10-29,22:00:00,-06:00:00,13,0,2,626.3,17,no_points
16,C LECLERC,MON,2023,Race,2023-10-29,20:00:00,2023-10-29,22:00:00,-06:00:00,1,0,2,616.35,13,top3
18,L STROLL,CAN,2023,Race,2023-10-29,20:00:00,2023-10-29,22:00:00,-06:00:00,20,0,2,626.05,14,no_points
20,K MAGNUSSEN,DEN,2023,Race,2023-10-29,20:00:00,2023-10-29,22:00:00,-06:00:00,16,0,1,23.6,19,no_points
22,Y TSUNODA,JPN,2023,Race,2023-10-29,20:00:00,2023-10-29,22:00:00,-06:00:00,18,0,2,624.05,7,no_points
23,A ALBON,THA,2023,Race,2023-10-29,20:00:00,2023-10-29,22:00:00,-06:00:00,14,0,2,625.75,2,points
24,G ZHOU,CHN,2023,Race,2023-10-29,20:00:00,2023-10-29,22:00:00,-06:00:00,10,0,2,626.15,12,no_points
27,N HULKENBERG,GER,2023,Race,2023-10-29,20:00:00,2023-10-29,22:00:00,-06:00:00,12,0,2,621.4499999999999,16,no_points
31,E OCON,FRA,2023,Race,2023-10-29,20:00:00,2023-10-29,22:00:00,-06:00:00,15,0,1,1226.2,20,points
44,L HAMILTON,GBR,2023,Race,2023-10-29,20:00:00,2023-10-29,22:00:00,-06:00:00,6,0,2,617.5500000000001,10,top3
55,C SAINZ,ESP,2023,Race,2023-10-29,20:00:00,2023-10-29,22:00:00,-06:00:00,2,1,2,618.7,15,points
63,G RUSSELL,GBR,2023,Race,2023-10-29,20:00:00,2023-10-29,22:00:00,-06:00:00,8,0,2,620.25,4,points
77,V BOTTAS,FIN,2023,Race,2023-10-29,20:00:00,2023-10-29,22:00:00,-06:00:00,9,0,2,626.4499999999999,6,no_points
81,O PIASTRI,AUS,2023,Race,2023-10-29,20:00:00,2023-10-29,22:00:00,-06:00:00,7,0,2,621.35,5,points
1,M VERSTAPPEN,NED,2023,Race,2023-11-19,06:00:00,2023-11-19,08:00:00,-08:00:00,2,22,2,23.950000000000003,4,winner
2,L SARGEANT,USA,2023,Race,2023-11-19,06:00:00,2023-11-19,08:00:00,-08:00:00,6,0,1,21.3,3,no_points
3,D RICCIARDO,AUS,2023,Race,2023-11-19,06:00:00,2023-11-19,08:00:00,-08:00:00,14,0,1,22.2,20,no_points
4,L NORRIS,GBR,2023,Race,2023-11-19,06:00:00,2023-11-19,08:00:00,-08:00:00,15,0,0,0.0,11,no_points
10,P GASLY,FRA,2023,Race,2023-11-19,06:00:00,2023-11-19,08:00:00,-08:00:00,4,0,1,22.2,19,no_points
11,S PEREZ,MEX,2023,Race,2023-11-19,06:00:00,2023-11-19,08:00:00,-08:00:00,11,3,2,27.5,5,top3
14,F ALONSO,ESP,2023,Race,2023-11-19,06:00:00,2023-11-19,08:00:00,-08:00:00,9,0,2,26.25,7,points
16,C LECLERC,MON,2023,Race,2023-11-19,06:00:00,2023-11-19,08:00:00,-08:00:00,1,0,1,22.5,16,top3
18,L STROLL,CAN,2023,Race,2023-11-19,06:00:00,2023-11-19,08:00:00,-08:00:00,19,0,2,22.35,13,points
20,K MAGNUSSEN,DEN,2023,Race,2023-11-19,06:00:00,2023-11-19,08:00:00,-08:00:00,8,0,2,21.700000000000003,10,no_points
22,Y TSUNODA,JPN,2023,Race,2023-11-19,06:00:00,2023-11-19,08:00:00,-08:00:00,20,0,2,20.700000000000003,18,no_points
23,A ALBON,THA,2023,Race,2023-11-19,06:00:00,2023-11-19,08:00:00,-08:00:00,5,0,1,21.2,6,no_points
24,G ZHOU,CHN,2023,Race,2023-11-19,06:00:00,2023-11-19,08:00:00,-08:00:00,17,0,1,22.1,15,no_points
27,N HULKENBERG,GER,2023,Race,2023-11-19,06:00:00,2023-11-19,08:00:00,-08:00:00,13,0,2,23.75,12,no_points
31,E OCON,FRA,2023,Race,2023-11-19,06:00:00,2023-11-19,08:00:00,-08:00:00,16,0,1,21.7,14,points
44,L HAMILTON,GBR,2023,Race,2023-11-19,06:00:00,2023-11-19,08:00:00,-08:00:00,10,0,2,23.75,8,points
55,C SAINZ,ESP,2023,Race,2023-11-19,06:00:00,2023-11-19,08:00:00,-08:00:00,12,1,2,21.9,17,points
63,G RUSSELL,GBR,2023,Race,2023-11-19,06:00:00,2023-11-19,08:00:00,-08:00:00,3,0,2,21.549999999999997,1,points
77,V BOTTAS,FIN,2023,Race,2023-11-19,06:00:00,2023-11-19,08:00:00,-08:00:00,7,0,2,32.7,9,no_points
81,O PIASTRI,AUS,2023,Race,2023-11-19,06:00:00,2023-11-19,08:00:00,-08:00:00,18,0,2,21.85,2,points
1,M VERSTAPPEN,NED,2023,Race,2023-11-26,13:00:00,2023-11-26,15:00:00,04:00:00,1,23,2,21.4,6,winner
2,L SARGEANT,USA,2023,Race,2023-11-26,13:00:00,2023-11-26,15:00:00,04:00:00,20,0,2,21.950000000000003,8,no_points
3,D RICCIARDO,AUS,2023,Race,2023-11-26,13:00:00,2023-11-26,15:00:00,04:00:00,15,0,2,21.65,18,no_points
4,L NORRIS,GBR,2023,Race,2023-11-26,13:00:00,2023-11-26,15:00:00,04:00:00,5,0,2,22.7,2,points
10,P GASLY,FRA,2023,Race,2023-11-26,13:00:00,2023-11-26,15:00:00,04:00:00,10,0,2,23.2,13,no_points
11,S PEREZ,MEX,2023,Race,2023-11-26,13:00:00,2023-11-26,15:00:00,04:00:00,9,3,2,21.299999999999997,11,points
14,F ALONSO,ESP,2023,Race,2023-11-26,13:00:00,2023-11-26,15:00:00,04:00:00,7,0,2,22.1,14,points
16,C LECLERC,MON,2023,Race,2023-11-26,13:00:00,2023-11-26,15:00:00,04:00:00,2,0,2,21.549999999999997,5,top3
18,L STROLL,CAN,2023,Race,2023-11-26,13:00:00,2023-11-26,15:00:00,04:00:00,13,0,2,21.700000000000003,15,points
20,K MAGNUSSEN,DEN,2023,Race,2023-11-26,13:00:00,2023-11-26,15:00:00,04:00:00,17,0,2,22.4,19,no_points
22,Y TSUNODA,JPN,2023,Race,2023-11-26,13:00:00,2023-11-26,15:00:00,04:00:00,6,0,1,21.4,9,points
23,A ALBON,THA,2023,Race,2023-11-26,13:00:00,2023-11-26,15:00:00,04:00:00,14,0,2,22.0,4,no_points
24,G ZHOU,CHN,2023,Race,2023-11-26,13:00:00,2023-11-26,15:00:00,04:00:00,19,0,2,22.55,10,no_points
27,N HULKENBERG,GER,2023,Race,2023-11-26,13:00:00,2023-11-26,15:00:00,04:00:00,8,0,2,21.9,17,no_points
31,E OCON,FRA,2023,Race,2023-11-26,13:00:00,2023-11-26,15:00:00,04:00:00,12,0,1,22.1,7,no_points
44,L HAMILTON,GBR,2023,Race,2023-11-26,13:00:00,2023-11-26,15:00:00,04:00:00,11,0,2,22.05,12,points
55,C SAINZ,ESP,2023,Race,2023-11-26,13:00:00,2023-11-26,15:00:00,04:00:00,16,1,2,21.35,20,no_points
63,G RUSSELL,GBR,2023,Race,2023-11-26,13:00:00,2023-11-26,15:00:00,04:00:00,4,0,2,21.8,1,top3
77,V BOTTAS,FIN,2023,Race,2023-11-26,13:00:00,2023-11-26,15:00:00,04:00:00,18,0,1,22.6,16,no_points
81,O PIASTRI,AUS,2023,Race,2023-11-26,13:00:00,2023-11-26,15:00:00,04:00:00,3,0,2,21.35,3,points
1,M VERSTAPPEN,NED,2023,Sprint,2023-11-04,18:30:00,2023-11-04,19:00:00,-03:00:00,1,20,0,0.0,16,winner
1,M VERSTAPPEN,NED,2023,Sprint,2023-11-04,18:30:00,2023-11-04,19:00:00,-03:00:00,1,21,0,0.0,16,winner
2,L SARGEANT,USA,2023,Sprint,2023-11-04,18:30:00,2023-11-04,19:00:00,-03:00:00,19,0,0,0.0,9,no_points
2,L SARGEANT,USA,2023,Sprint,2023-11-04,18:30:00,2023-11-04,19:00:00,-03:00:00,19,0,0,0.0,9,no_points
3,D RICCIARDO,AUS,2023,Sprint,2023-11-04,18:30:00,2023-11-04,19:00:00,-03:00:00,17,0,0,0.0,14,no_points
3,D RICCIARDO,AUS,2023,Sprint,2023-11-04,18:30:00,2023-11-04,19:00:00,-03:00:00,17,0,0,0.0,14,no_points
4,L NORRIS,GBR,2023,Sprint,2023-11-04,18:30:00,2023-11-04,19:00:00,-03:00:00,6,0,0,0.0,19,top3
4,L NORRIS,GBR,2023,Sprint,2023-11-04,18:30:00,2023-11-04,19:00:00,-03:00:00,6,0,0,0.0,19,top3
10,P GASLY,FRA,2023,Sprint,2023-11-04,18:30:00,2023-11-04,19:00:00,-03:00:00,15,0,0,0.0,7,points
10,P GASLY,FRA,2023,Sprint,2023-11-04,18:30:00,2023-11-04,19:00:00,-03:00:00,15,0,0,0.0,7,points
11,S PEREZ,MEX,2023,Sprint,2023-11-04,18:30:00,2023-11-04,19:00:00,-03:00:00,9,3,0,0.0,18,points
11,S PEREZ,MEX,2023,Sprint,2023-11-04,18:30:00,2023-11-04,19:00:00,-03:00:00,9,3,0,0.0,18,points
14,F ALONSO,ESP,2023,Sprint,2023-11-04,18:30:00,2023-11-04,19:00:00,-03:00:00,4,0,0,0.0,11,top3
14,F ALONSO,ESP,2023,Sprint,2023-11-04,18:30:00,2023-11-04,19:00:00,-03:00:00,4,0,0,0.0,11,top3
16,C LECLERC,MON,2023,Sprint,2023-11-04,18:30:00,2023-11-04,19:00:00,-03:00:00,2,0,0,0.0,2,no_points
16,C LECLERC,MON,2023,Sprint,2023-11-04,18:30:00,2023-11-04,19:00:00,-03:00:00,2,0,0,0.0,2,no_points
18,L STROLL,CAN,2023,Sprint,2023-11-04,18:30:00,2023-11-04,19:00:00,-03:00:00,3,0,0,0.0,6,points
18,L STROLL,CAN,2023,Sprint,2023-11-04,18:30:00,2023-11-04,19:00:00,-03:00:00,3,0,0,0.0,6,points
20,K MAGNUSSEN,DEN,2023,Sprint,2023-11-04,18:30:00,2023-11-04,19:00:00,-03:00:00,12,0,0,0.0,10,no_points
20,K MAGNUSSEN,DEN,2023,Sprint,2023-11-04,18:30:00,2023-11-04,19:00:00,-03:00:00,12,0,0,0.0,10,no_points
22,Y TSUNODA,JPN,2023,Sprint,2023-11-04,18:30:00,2023-11-04,19:00:00,-03:00:00,16,0,0,0.0,13,points
22,Y TSUNODA,JPN,2023,Sprint,2023-11-04,18:30:00,2023-11-04,19:00:00,-03:00:00,16,0,0,0.0,13,points
23,A ALBON,THA,2023,Sprint,2023-11-04,18:30:00,2023-11-04,19:00:00,-03:00:00,13,0,0,0.0,5,no_points
23,A ALBON,THA,2023,Sprint,2023-11-04,18:30:00,2023-11-04,19:00:00,-03:00:00,13,0,0,0.0,5,no_points
24,G ZHOU,CHN,2023,Sprint,2023-11-04,18:30:00,2023-11-04,19:00:00,-03:00:00,20,0,0,0.0,8,no_points
24,G ZHOU,CHN,2023,Sprint,2023-11-04,18:30:00,2023-11-04,19:00:00,-03:00:00,20,0,0,0.0,8,no_points
27,N HULKENBERG,GER,2023,Sprint,2023-11-04,18:30:00,2023-11-04,19:00:00,-03:00:00,11,0,0,0.0,4,no_points
27,N HULKENBERG,GER,2023,Sprint,2023-11-04,18:30:00,2023-11-04,19:00:00,-03:00:00,11,0,0,0.0,4,no_points
31,E OCON,FRA,2023,Sprint,2023-11-04,18:30:00,2023-11-04,19:00:00,-03:00:00,14,0,0,0.0,15,points
31,E OCON,FRA,2023,Sprint,2023-11-04,18:30:00,2023-11-04,19:00:00,-03:00:00,14,0,0,0.0,15,points
44,L HAMILTON,GBR,2023,Sprint,2023-11-04,18:30:00,2023-11-04,19:00:00,-03:00:00,5,0,0,0.0,12,points
44,L HAMILTON,GBR,2023,Sprint,2023-11-04,18:30:00,2023-11-04,19:00:00,-03:00:00,5,0,0,0.0,12,points
55,C SAINZ,ESP,2023,Sprint,2023-11-04,18:30:00,2023-11-04,19:00:00,-03:00:00,7,1,0,0.0,1,points
55,C SAINZ,ESP,2023,Sprint,2023-11-04,18:30:00,2023-11-04,19:00:00,-03:00:00,7,1,0,0.0,1,points
63,G RUSSELL,GBR,2023,Sprint,2023-11-04,18:30:00,2023-11-04,19:00:00,-03:00:00,8,0,0,0.0,3,no_points
63,G RUSSELL,GBR,2023,Sprint,2023-11-04,18:30:00,2023-11-04,19:00:00,-03:00:00,8,0,0,0.0,3,no_points
77,V BOTTAS,FIN,2023,Sprint,2023-11-04,18:30:00,2023-11-04,19:00:00,-03:00:00,18,0,0,0.0,17,no_points
77,V BOTTAS,FIN,2023,Sprint,2023-11-04,18:30:00,2023-11-04,19:00:00,-03:00:00,18,0,0,0.0,17,no_points
81,O PIASTRI,AUS,2023,Sprint,2023-11-04,18:30:00,2023-11-04,19:00:00,-03:00:00,10,0,0,0.0,20,no_points
81,O PIASTRI,AUS,2023,Sprint,2023-11-04,18:30:00,2023-11-04,19:00:00,-03:00:00,10,0,0,0.0,20,no_points
1,M VERSTAPPEN,NED,2023,Race,2023-11-05,17:00:00,2023-11-05,19:00:00,-03:00:00,1,20,4,366.825,16,winner
1,M VERSTAPPEN,NED,2023,Race,2023-11-05,17:00:00,2023-11-05,19:00:00,-03:00:00,1,21,4,366.825,16,winner
2,L SARGEANT,USA,2023,Race,2023-11-05,17:00:00,2023-11-05,19:00:00,-03:00:00,19,0,4,374.25000000000006,9,no_points
2,L SARGEANT,USA,2023,Race,2023-11-05,17:00:00,2023-11-05,19:00:00,-03:00:00,19,0,4,374.25000000000006,9,no_points
3,D RICCIARDO,AUS,2023,Race,2023-11-05,17:00:00,2023-11-05,19:00:00,-03:00:00,17,0,4,414.2,14,no_points
3,D RICCIARDO,AUS,2023,Race,2023-11-05,17:00:00,2023-11-05,19:00:00,-03:00:00,17,0,4,414.2,14,no_points
4,L NORRIS,GBR,2023,Race,2023-11-05,17:00:00,2023-11-05,19:00:00,-03:00:00,6,0,4,367.825,19,top3
4,L NORRIS,GBR,2023,Race,2023-11-05,17:00:00,2023-11-05,19:00:00,-03:00:00,6,0,4,367.825,19,top3
10,P GASLY,FRA,2023,Race,2023-11-05,17:00:00,2023-11-05,19:00:00,-03:00:00,15,0,4,371.475,7,points
10,P GASLY,FRA,2023,Race,2023-11-05,17:00:00,2023-11-05,19:00:00,-03:00:00,15,0,4,371.475,7,points
11,S PEREZ,MEX,2023,Race,2023-11-05,17:00:00,2023-11-05,19:00:00,-03:00:00,9,3,4,369.775,18,points
11,S PEREZ,MEX,2023,Race,2023-11-05,17:00:00,2023-11-05,19:00:00,-03:00:00,9,3,4,369.775,18,points
14,F ALONSO,ESP,2023,Race,2023-11-05,17:00:00,2023-11-05,19:00:00,-03:00:00,4,0,4,368.625,11,top3
14,F ALONSO,ESP,2023,Race,2023-11-05,17:00:00,2023-11-05,19:00:00,-03:00:00,4,0,4,368.625,11,top3
16,C LECLERC,MON,2023,Race,2023-11-05,17:00:00,2023-11-05,19:00:00,-03:00:00,2,0,0,0.0,2,no_points
16,C LECLERC,MON,2023,Race,2023-11-05,17:00:00,2023-11-05,19:00:00,-03:00:00,2,0,0,0.0,2,no_points
18,L STROLL,CAN,2023,Race,2023-11-05,17:00:00,2023-11-05,19:00:00,-03:00:00,3,0,4,369.27500000000003,6,points
18,L STROLL,CAN,2023,Race,2023-11-05,17:00:00,2023-11-05,19:00:00,-03:00:00,3,0,4,369.27500000000003,6,points
20,K MAGNUSSEN,DEN,2023,Race,2023-11-05,17:00:00,2023-11-05,19:00:00,-03:00:00,12,0,0,0.0,10,no_points
20,K MAGNUSSEN,DEN,2023,Race,2023-11-05,17:00:00,2023-11-05,19:00:00,-03:00:00,12,0,0,0.0,10,no_points
22,Y TSUNODA,JPN,2023,Race,2023-11-05,17:00:00,2023-11-05,19:00:00,-03:00:00,16,0,4,371.70000000000005,13,points
22,Y TSUNODA,JPN,2023,Race,2023-11-05,17:00:00,2023-11-05,19:00:00,-03:00:00,16,0,4,371.70000000000005,13,points
23,A ALBON,THA,2023,Race,2023-11-05,17:00:00,2023-11-05,19:00:00,-03:00:00,13,0,0,0.0,5,no_points
23,A ALBON,THA,2023,Race,2023-11-05,17:00:00,2023-11-05,19:00:00,-03:00:00,13,0,0,0.0,5,no_points
24,G ZHOU,CHN,2023,Race,2023-11-05,17:00:00,2023-11-05,19:00:00,-03:00:00,20,0,3,488.3333333333334,8,no_points
24,G ZHOU,CHN,2023,Race,2023-11-05,17:00:00,2023-11-05,19:00:00,-03:00:00,20,0,3,488.3333333333334,8,no_points
27,N HULKENBERG,GER,2023,Race,2023-11-05,17:00:00,2023-11-05,19:00:00,-03:00:00,11,0,4,375.85,4,no_points
27,N HULKENBERG,GER,2023,Race,2023-11-05,17:00:00,2023-11-05,19:00:00,-03:00:00,11,0,4,375.85,4,no_points
31,E OCON,FRA,2023,Race,2023-11-05,17:00:00,2023-11-05,19:00:00,-03:00:00,14,0,5,301.76000000000005,15,points
31,E OCON,FRA,2023,Race,2023-11-05,17:00:00,2023-11-05,19:00:00,-03:00:00,14,0,5,301.76000000000005,15,points
44,L HAMILTON,GBR,2023,Race,2023-11-05,17:00:00,2023-11-05,19:00:00,-03:00:00,5,0,4,368.075,12,points
44,L HAMILTON,GBR,2023,Race,2023-11-05,17:00:00,2023-11-05,19:00:00,-03:00:00,5,0,4,368.075,12,points
55,C SAINZ,ESP,2023,Race,2023-11-05,17:00:00,2023-11-05,19:00:00,-03:00:00,7,1,4,370.975,1,points
55,C SAINZ,ESP,2023,Race,2023-11-05,17:00:00,2023-11-05,19:00:00,-03:00:00,7,1,4,370.975,1,points
63,G RUSSELL,GBR,2023,Race,2023-11-05,17:00:00,2023-11-05,19:00:00,-03:00:00,8,0,4,369.725,3,no_points
63,G RUSSELL,GBR,2023,Race,2023-11-05,17:00:00,2023-11-05,19:00:00,-03:00:00,8,0,4,369.725,3,no_points
77,V BOTTAS,FIN,2023,Race,2023-11-05,17:00:00,2023-11-05,19:00:00,-03:00:00,18,0,3,487.59999999999997,17,no_points
77,V BOTTAS,FIN,2023,Race,2023-11-05,17:00:00,2023-11-05,19:00:00,-03:00:00,18,0,3,487.59999999999997,17,no_points
81,O PIASTRI,AUS,2023,Race,2023-11-05,17:00:00,2023-11-05,19:00:00,-03:00:00,10,0,4,417.3,20,no_points
81,O PIASTRI,AUS,2023,Race,2023-11-05,17:00:00,2023-11-05,19:00:00,-03:00:00,10,0,4,417.3,20,no_points
1,M VERSTAPPEN,NED,2023,Sprint,2023-10-21,22:00:00,2023-10-21,23:00:00,-05:00:00,6,17,0,0.0,1,winner
1,M VERSTAPPEN,NED,2023,Sprint,2023-10-21,22:00:00,2023-10-21,23:00:00,-05:00:00,6,18,0,0.0,1,winner
2,L SARGEANT,USA,2023,Sprint,2023-10-21,22:00:00,2023-10-21,23:00:00,-05:00:00,16,0,0,0.0,11,no_points
2,L SARGEANT,USA,2023,Sprint,2023-10-21,22:00:00,2023-10-21,23:00:00,-05:00:00,16,0,0,0.0,11,no_points
3,D RICCIARDO,AUS,2023,Sprint,2023-10-21,22:00:00,2023-10-21,23:00:00,-05:00:00,14,0,0,0.0,14,no_points
3,D RICCIARDO,AUS,2023,Sprint,2023-10-21,22:00:00,2023-10-21,23:00:00,-05:00:00,14,0,0,0.0,14,no_points
4,L NORRIS,GBR,2023,Sprint,2023-10-21,22:00:00,2023-10-21,23:00:00,-05:00:00,2,0,0,0.0,15,top3
4,L NORRIS,GBR,2023,Sprint,2023-10-21,22:00:00,2023-10-21,23:00:00,-05:00:00,2,0,0,0.0,15,top3
10,P GASLY,FRA,2023,Sprint,2023-10-21,22:00:00,2023-10-21,23:00:00,-05:00:00,7,0,0,0.0,10,points
10,P GASLY,FRA,2023,Sprint,2023-10-21,22:00:00,2023-10-21,23:00:00,-05:00:00,7,0,0,0.0,10,points
11,S PEREZ,MEX,2023,Sprint,2023-10-21,22:00:00,2023-10-21,23:00:00,-05:00:00,9,3,0,0.0,4,points
11,S PEREZ,MEX,2023,Sprint,2023-10-21,22:00:00,2023-10-21,23:00:00,-05:00:00,9,3,0,0.0,4,points
14,F ALONSO,ESP,2023,Sprint,2023-10-21,22:00:00,2023-10-21,23:00:00,-05:00:00,19,0,0,0.0,18,no_points
14,F ALONSO,ESP,2023,Sprint,2023-10-21,22:00:00,2023-10-21,23:00:00,-05:00:00,19,0,0,0.0,18,no_points
16,C LECLERC,MON,2023,Sprint,2023-10-21,22:00:00,2023-10-21,23:00:00,-05:00:00,1,0,0,0.0,2,points
16,C LECLERC,MON,2023,Sprint,2023-10-21,22:00:00,2023-10-21,23:00:00,-05:00:00,1,0,0,0.0,2,points
18,L STROLL,CAN,2023,Sprint,2023-10-21,22:00:00,2023-10-21,23:00:00,-05:00:00,20,0,0,0.0,20,points
18,L STROLL,CAN,2023,Sprint,2023-10-21,22:00:00,2023-10-21,23:00:00,-05:00:00,20,0,0,0.0,20,points
20,K MAGNUSSEN,DEN,2023,Sprint,2023-10-21,22:00:00,2023-10-21,23:00:00,-05:00:00,17,0,0,0.0,5,no_points
20,K MAGNUSSEN,DEN,2023,Sprint,2023-10-21,22:00:00,2023-10-21,23:00:00,-05:00:00,17,0,0,0.0,5,no_points
22,Y TSUNODA,JPN,2023,Sprint,2023-10-21,22:00:00,2023-10-21,23:00:00,-05:00:00,11,0,0,0.0,13,points
22,Y TSUNODA,JPN,2023,Sprint,2023-10-21,22:00:00,2023-10-21,23:00:00,-05:00:00,11,0,0,0.0,13,points
23,A ALBON,THA,2023,Sprint,2023-10-21,22:00:00,2023-10-21,23:00:00,-05:00:00,15,0,0,0.0,7,no_points
23,A ALBON,THA,2023,Sprint,2023-10-21,22:00:00,2023-10-21,23:00:00,-05:00:00,15,0,0,0.0,7,no_points
24,G ZHOU,CHN,2023,Sprint,2023-10-21,22:00:00,2023-10-21,23:00:00,-05:00:00,12,0,0,0.0,16,no_points
24,G ZHOU,CHN,2023,Sprint,2023-10-21,22:00:00,2023-10-21,23:00:00,-05:00:00,12,0,0,0.0,16,no_points
27,N HULKENBERG,GER,2023,Sprint,2023-10-21,22:00:00,2023-10-21,23:00:00,-05:00:00,18,0,0,0.0,9,no_points
27,N HULKENBERG,GER,2023,Sprint,2023-10-21,22:00:00,2023-10-21,23:00:00,-05:00:00,18,0,0,0.0,9,no_points
31,E OCON,FRA,2023,Sprint,2023-10-21,22:00:00,2023-10-21,23:00:00,-05:00:00,8,0,0,0.0,12,no_points
31,E OCON,FRA,2023,Sprint,2023-10-21,22:00:00,2023-10-21,23:00:00,-05:00:00,8,0,0,0.0,12,no_points
44,L HAMILTON,GBR,2023,Sprint,2023-10-21,22:00:00,2023-10-21,23:00:00,-05:00:00,3,0,0,0.0,3,top3
44,L HAMILTON,GBR,2023,Sprint,2023-10-21,22:00:00,2023-10-21,23:00:00,-05:00:00,3,0,0,0.0,3,top3
55,C SAINZ,ESP,2023,Sprint,2023-10-21,22:00:00,2023-10-21,23:00:00,-05:00:00,4,1,0,0.0,8,points
55,C SAINZ,ESP,2023,Sprint,2023-10-21,22:00:00,2023-10-21,23:00:00,-05:00:00,4,1,0,0.0,8,points
63,G RUSSELL,GBR,2023,Sprint,2023-10-21,22:00:00,2023-10-21,23:00:00,-05:00:00,5,0,0,0.0,6,points
63,G RUSSELL,GBR,2023,Sprint,2023-10-21,22:00:00,2023-10-21,23:00:00,-05:00:00,5,0,0,0.0,6,points
77,V BOTTAS,FIN,2023,Sprint,2023-10-21,22:00:00,2023-10-21,23:00:00,-05:00:00,13,0,0,0.0,17,no_points
77,V BOTTAS,FIN,2023,Sprint,2023-10-21,22:00:00,2023-10-21,23:00:00,-05:00:00,13,0,0,0.0,17,no_points
81,O PIASTRI,AUS,2023,Sprint,2023-10-21,22:00:00,2023-10-21,23:00:00,-05:00:00,10,0,0,0.0,19,no_points
81,O PIASTRI,AUS,2023,Sprint,2023-10-21,22:00:00,2023-10-21,23:00:00,-05:00:00,10,0,0,0.0,19,no_points
1,M VERSTAPPEN,NED,2023,Race,2023-10-22,19:00:00,2023-10-22,21:00:00,-05:00:00,6,17,2,24.299999999999997,1,winner
1,M VERSTAPPEN,NED,2023,Race,2023-10-22,19:00:00,2023-10-22,21:00:00,-05:00:00,6,18,2,24.299999999999997,1,winner
2,L SARGEANT,USA,2023,Race,2023-10-22,19:00:00,2023-10-22,21:00:00,-05:00:00,16,0,2,25.2,11,no_points
2,L SARGEANT,USA,2023,Race,2023-10-22,19:00:00,2023-10-22,21:00:00,-05:00:00,16,0,2,25.2,11,no_points
3,D RICCIARDO,AUS,2023,Race,2023-10-22,19:00:00,2023-10-22,21:00:00,-05:00:00,14,0,2,25.4,14,no_points
3,D RICCIARDO,AUS,2023,Race,2023-10-22,19:00:00,2023-10-22,21:00:00,-05:00:00,14,0,2,25.4,14,no_points
4,L NORRIS,GBR,2023,Race,2023-10-22,19:00:00,2023-10-22,21:00:00,-05:00:00,2,0,2,23.700000000000003,15,top3
4,L NORRIS,GBR,2023,Race,2023-10-22,19:00:00,2023-10-22,21:00:00,-05:00:00,2,0,2,23.700000000000003,15,top3
10,P GASLY,FRA,2023,Race,2023-10-22,19:00:00,2023-10-22,21:00:00,-05:00:00,7,0,2,24.35,10,points
10,P GASLY,FRA,2023,Race,2023-10-22,19:00:00,2023-10-22,21:00:00,-05:00:00,7,0,2,24.35,10,points
11,S PEREZ,MEX,2023,Race,2023-10-22,19:00:00,2023-10-22,21:00:00,-05:00:00,9,3,2,23.95,4,points
11,S PEREZ,MEX,2023,Race,2023-10-22,19:00:00,2023-10-22,21:00:00,-05:00:00,9,3,2,23.95,4,points
14,F ALONSO,ESP,2023,Race,2023-10-22,19:00:00,2023-10-22,21:00:00,-05:00:00,19,0,2,24.9,18,no_points
14,F ALONSO,ESP,2023,Race,2023-10-22,19:00:00,2023-10-22,21:00:00,-05:00:00,19,0,2,24.9,18,no_points
16,C LECLERC,MON,2023,Race,2023-10-22,19:00:00,2023-10-22,21:00:00,-05:00:00,1,0,1,23.9,2,points
16,C LECLERC,MON,2023,Race,2023-10-22,19:00:00,2023-10-22,21:00:00,-05:00:00,1,0,1,23.9,2,points
18,L STROLL,CAN,2023,Race,2023-10-22,19:00:00,2023-10-22,21:00:00,-05:00:00,20,0,2,24.15,20,points
18,L STROLL,CAN,2023,Race,2023-10-22,19:00:00,2023-10-22,21:00:00,-05:00:00,20,0,2,24.15,20,points
20,K MAGNUSSEN,DEN,2023,Race,2023-10-22,19:00:00,2023-10-22,21:00:00,-05:00:00,17,0,2,24.85,5,no_points
20,K MAGNUSSEN,DEN,2023,Race,2023-10-22,19:00:00,2023-10-22,21:00:00,-05:00:00,17,0,2,24.85,5,no_points
22,Y TSUNODA,JPN,2023,Race,2023-10-22,19:00:00,2023-10-22,21:00:00,-05:00:00,11,0,3,23.933333333333334,13,points
22,Y TSUNODA,JPN,2023,Race,2023-10-22,19:00:00,2023-10-22,21:00:00,-05:00:00,11,0,3,23.933333333333334,13,points
23,A ALBON,THA,2023,Race,2023-10-22,19:00:00,2023-10-22,21:00:00,-05:00:00,15,0,2,24.4,7,no_points
23,A ALBON,THA,2023,Race,2023-10-22,19:00:00,2023-10-22,21:00:00,-05:00:00,15,0,2,24.4,7,no_points
24,G ZHOU,CHN,2023,Race,2023-10-22,19:00:00,2023-10-22,21:00:00,-05:00:00,12,0,2,25.15,16,no_points
24,G ZHOU,CHN,2023,Race,2023-10-22,19:00:00,2023-10-22,21:00:00,-05:00:00,12,0,2,25.15,16,no_points
27,N HULKENBERG,GER,2023,Race,2023-10-22,19:00:00,2023-10-22,21:00:00,-05:00:00,18,0,2,25.4,9,no_points
27,N HULKENBERG,GER,2023,Race,2023-10-22,19:00:00,2023-10-22,21:00:00,-05:00:00,18,0,2,25.4,9,no_points
31,E OCON,FRA,2023,Race,2023-10-22,19:00:00,2023-10-22,21:00:00,-05:00:00,8,0,0,0.0,12,no_points
31,E OCON,FRA,2023,Race,2023-10-22,19:00:00,2023-10-22,21:00:00,-05:00:00,8,0,0,0.0,12,no_points
44,L HAMILTON,GBR,2023,Race,2023-10-22,19:00:00,2023-10-22,21:00:00,-05:00:00,3,0,2,24.75,3,top3
44,L HAMILTON,GBR,2023,Race,2023-10-22,19:00:00,2023-10-22,21:00:00,-05:00:00,3,0,2,24.75,3,top3
55,C SAINZ,ESP,2023,Race,2023-10-22,19:00:00,2023-10-22,21:00:00,-05:00:00,4,1,2,23.6,8,points
55,C SAINZ,ESP,2023,Race,2023-10-22,19:00:00,2023-10-22,21:00:00,-05:00:00,4,1,2,23.6,8,points
63,G RUSSELL,GBR,2023,Race,2023-10-22,19:00:00,2023-10-22,21:00:00,-05:00:00,5,0,2,24.1,6,points
63,G RUSSELL,GBR,2023,Race,2023-10-22,19:00:00,2023-10-22,21:00:00,-05:00:00,5,0,2,24.1,6,points
77,V BOTTAS,FIN,2023,Race,2023-10-22,19:00:00,2023-10-22,21:00:00,-05:00:00,13,0,2,24.85,17,no_points
77,V BOTTAS,FIN,2023,Race,2023-10-22,19:00:00,2023-10-22,21:00:00,-05:00:00,13,0,2,24.85,17,no_points
81,O PIASTRI,AUS,2023,Race,2023-10-22,19:00:00,2023-10-22,21:00:00,-05:00:00,10,0,0,0.0,19,no_points
81,O PIASTRI,AUS,2023,Race,2023-10-22,19:00:00,2023-10-22,21:00:00,-05:00:00,10,0,0,0.0,19,no_points
1,M VERSTAPPEN,NED,2023,Sprint,2023-10-07,17:30:00,2023-10-07,18:30:00,03:00:00,1,15,0,0.0,1,winner
1,M VERSTAPPEN,NED,2023,Sprint,2023-10-07,17:30:00,2023-10-07,18:30:00,03:00:00,1,16,0,0.0,1,winner
2,L SARGEANT,USA,2023,Sprint,2023-10-07,17:30:00,2023-10-07,18:30:00,03:00:00,15,0,0,0.0,11,no_points
2,L SARGEANT,USA,2023,Sprint,2023-10-07,17:30:00,2023-10-07,18:30:00,03:00:00,15,0,0,0.0,11,no_points
4,L NORRIS,GBR,2023,Sprint,2023-10-07,17:30:00,2023-10-07,18:30:00,03:00:00,10,0,0,0.0,10,top3
4,L NORRIS,GBR,2023,Sprint,2023-10-07,17:30:00,2023-10-07,18:30:00,03:00:00,10,0,0,0.0,10,top3
10,P GASLY,FRA,2023,Sprint,2023-10-07,17:30:00,2023-10-07,18:30:00,03:00:00,7,0,0,0.0,16,no_points
10,P GASLY,FRA,2023,Sprint,2023-10-07,17:30:00,2023-10-07,18:30:00,03:00:00,7,0,0,0.0,16,no_points
11,S PEREZ,MEX,2023,Sprint,2023-10-07,17:30:00,2023-10-07,18:30:00,03:00:00,20,3,0,0.0,5,points
11,S PEREZ,MEX,2023,Sprint,2023-10-07,17:30:00,2023-10-07,18:30:00,03:00:00,20,3,0,0.0,5,points
14,F ALONSO,ESP,2023,Sprint,2023-10-07,17:30:00,2023-10-07,18:30:00,03:00:00,4,0,0,0.0,4,points
14,F ALONSO,ESP,2023,Sprint,2023-10-07,17:30:00,2023-10-07,18:30:00,03:00:00,4,0,0,0.0,4,points
16,C LECLERC,MON,2023,Sprint,2023-10-07,17:30:00,2023-10-07,18:30:00,03:00:00,5,0,0,0.0,3,points
16,C LECLERC,MON,2023,Sprint,2023-10-07,17:30:00,2023-10-07,18:30:00,03:00:00,5,0,0,0.0,3,points
18,L STROLL,CAN,2023,Sprint,2023-10-07,17:30:00,2023-10-07,18:30:00,03:00:00,16,0,1,28.9,14,no_points
18,L STROLL,CAN,2023,Sprint,2023-10-07,17:30:00,2023-10-07,18:30:00,03:00:00,16,0,1,28.9,14,no_points
20,K MAGNUSSEN,DEN,2023,Sprint,2023-10-07,17:30:00,2023-10-07,18:30:00,03:00:00,18,0,1,28.9,20,no_points
20,K MAGNUSSEN,DEN,2023,Sprint,2023-10-07,17:30:00,2023-10-07,18:30:00,03:00:00,18,0,1,28.9,20,no_points
22,Y TSUNODA,JPN,2023,Sprint,2023-10-07,17:30:00,2023-10-07,18:30:00,03:00:00,11,0,0,0.0,6,no_points
22,Y TSUNODA,JPN,2023,Sprint,2023-10-07,17:30:00,2023-10-07,18:30:00,03:00:00,11,0,0,0.0,6,no_points
23,A ALBON,THA,2023,Sprint,2023-10-07,17:30:00,2023-10-07,18:30:00,03:00:00,13,0,0,0.0,12,no_points
23,A ALBON,THA,2023,Sprint,2023-10-07,17:30:00,2023-10-07,18:30:00,03:00:00,13,0,0,0.0,12,no_points
24,G ZHOU,CHN,2023,Sprint,2023-10-07,17:30:00,2023-10-07,18:30:00,03:00:00,19,0,1,29.1,18,points
24,G ZHOU,CHN,2023,Sprint,2023-10-07,17:30:00,2023-10-07,18:30:00,03:00:00,19,0,1,29.1,18,points
27,N HULKENBERG,GER,2023,Sprint,2023-10-07,17:30:00,2023-10-07,18:30:00,03:00:00,14,0,0,0.0,7,no_points
27,N HULKENBERG,GER,2023,Sprint,2023-10-07,17:30:00,2023-10-07,18:30:00,03:00:00,14,0,0,0.0,7,no_points
31,E OCON,FRA,2023,Sprint,2023-10-07,17:30:00,2023-10-07,18:30:00,03:00:00,8,0,0,0.0,15,points
31,E OCON,FRA,2023,Sprint,2023-10-07,17:30:00,2023-10-07,18:30:00,03:00:00,8,0,0,0.0,15,points
40,L LAWSON,NZL,2023,Sprint,2023-10-07,17:30:00,2023-10-07,18:30:00,03:00:00,17,0,0,0.0,19,no_points
40,L LAWSON,NZL,2023,Sprint,2023-10-07,17:30:00,2023-10-07,18:30:00,03:00:00,17,0,0,0.0,19,no_points
44,L HAMILTON,GBR,2023,Sprint,2023-10-07,17:30:00,2023-10-07,18:30:00,03:00:00,3,0,0,0.0,13,no_points
44,L HAMILTON,GBR,2023,Sprint,2023-10-07,17:30:00,2023-10-07,18:30:00,03:00:00,3,0,0,0.0,13,no_points
55,C SAINZ,ESP,2023,Sprint,2023-10-07,17:30:00,2023-10-07,18:30:00,03:00:00,12,1,0,0.0,2,no_points
55,C SAINZ,ESP,2023,Sprint,2023-10-07,17:30:00,2023-10-07,18:30:00,03:00:00,12,1,0,0.0,2,no_points
63,G RUSSELL,GBR,2023,Sprint,2023-10-07,17:30:00,2023-10-07,18:30:00,03:00:00,2,0,0,0.0,8,points
63,G RUSSELL,GBR,2023,Sprint,2023-10-07,17:30:00,2023-10-07,18:30:00,03:00:00,2,0,0,0.0,8,points
77,V BOTTAS,FIN,2023,Sprint,2023-10-07,17:30:00,2023-10-07,18:30:00,03:00:00,9,0,0,0.0,17,points
77,V BOTTAS,FIN,2023,Sprint,2023-10-07,17:30:00,2023-10-07,18:30:00,03:00:00,9,0,0,0.0,17,points
81,O PIASTRI,AUS,2023,Sprint,2023-10-07,17:30:00,2023-10-07,18:30:00,03:00:00,6,0,0,0.0,9,top3
81,O PIASTRI,AUS,2023,Sprint,2023-10-07,17:30:00,2023-10-07,18:30:00,03:00:00,6,0,0,0.0,9,top3
1,M VERSTAPPEN,NED,2023,Race,2023-10-08,17:00:00,2023-10-08,19:00:00,03:00:00,1,15,3,28.666666666666668,1,winner
1,M VERSTAPPEN,NED,2023,Race,2023-10-08,17:00:00,2023-10-08,19:00:00,03:00:00,1,16,3,28.666666666666668,1,winner
2,L SARGEANT,USA,2023,Race,2023-10-08,17:00:00,2023-10-08,19:00:00,03:00:00,15,0,2,29.35,11,no_points
2,L SARGEANT,USA,2023,Race,2023-10-08,17:00:00,2023-10-08,19:00:00,03:00:00,15,0,2,29.35,11,no_points
4,L NORRIS,GBR,2023,Race,2023-10-08,17:00:00,2023-10-08,19:00:00,03:00:00,10,0,3,27.76666666666667,10,top3
4,L NORRIS,GBR,2023,Race,2023-10-08,17:00:00,2023-10-08,19:00:00,03:00:00,10,0,3,27.76666666666667,10,top3
10,P GASLY,FRA,2023,Race,2023-10-08,17:00:00,2023-10-08,19:00:00,03:00:00,7,0,3,31.099999999999998,16,no_points
10,P GASLY,FRA,2023,Race,2023-10-08,17:00:00,2023-10-08,19:00:00,03:00:00,7,0,3,31.099999999999998,16,no_points
11,S PEREZ,MEX,2023,Race,2023-10-08,17:00:00,2023-10-08,19:00:00,03:00:00,20,3,3,31.366666666666664,5,points
11,S PEREZ,MEX,2023,Race,2023-10-08,17:00:00,2023-10-08,19:00:00,03:00:00,20,3,3,31.366666666666664,5,points
14,F ALONSO,ESP,2023,Race,2023-10-08,17:00:00,2023-10-08,19:00:00,03:00:00,4,0,3,28.333333333333332,4,points
14,F ALONSO,ESP,2023,Race,2023-10-08,17:00:00,2023-10-08,19:00:00,03:00:00,4,0,3,28.333333333333332,4,points
16,C LECLERC,MON,2023,Race,2023-10-08,17:00:00,2023-10-08,19:00:00,03:00:00,5,0,3,27.833333333333332,3,points
16,C LECLERC,MON,2023,Race,2023-10-08,17:00:00,2023-10-08,19:00:00,03:00:00,5,0,3,27.833333333333332,3,points
18,L STROLL,CAN,2023,Race,2023-10-08,17:00:00,2023-10-08,19:00:00,03:00:00,16,0,3,28.733333333333334,14,no_points
18,L STROLL,CAN,2023,Race,2023-10-08,17:00:00,2023-10-08,19:00:00,03:00:00,16,0,3,28.733333333333334,14,no_points
20,K MAGNUSSEN,DEN,2023,Race,2023-10-08,17:00:00,2023-10-08,19:00:00,03:00:00,18,0,3,29.3,20,no_points
20,K MAGNUSSEN,DEN,2023,Race,2023-10-08,17:00:00,2023-10-08,19:00:00,03:00:00,18,0,3,29.3,20,no_points
22,Y TSUNODA,JPN,2023,Race,2023-10-08,17:00:00,2023-10-08,19:00:00,03:00:00,11,0,3,27.666666666666668,6,no_points
22,Y TSUNODA,JPN,2023,Race,2023-10-08,17:00:00,2023-10-08,19:00:00,03:00:00,11,0,3,27.666666666666668,6,no_points
23,A ALBON,THA,2023,Race,2023-10-08,17:00:00,2023-10-08,19:00:00,03:00:00,13,0,3,28.933333333333334,12,no_points
23,A ALBON,THA,2023,Race,2023-10-08,17:00:00,2023-10-08,19:00:00,03:00:00,13,0,3,28.933333333333334,12,no_points
24,G ZHOU,CHN,2023,Race,2023-10-08,17:00:00,2023-10-08,19:00:00,03:00:00,19,0,3,28.833333333333332,18,points
24,G ZHOU,CHN,2023,Race,2023-10-08,17:00:00,2023-10-08,19:00:00,03:00:00,19,0,3,28.833333333333332,18,points
27,N HULKENBERG,GER,2023,Race,2023-10-08,17:00:00,2023-10-08,19:00:00,03:00:00,14,0,3,32.166666666666664,7,no_points
27,N HULKENBERG,GER,2023,Race,2023-10-08,17:00:00,2023-10-08,19:00:00,03:00:00,14,0,3,32.166666666666664,7,no_points
31,E OCON,FRA,2023,Race,2023-10-08,17:00:00,2023-10-08,19:00:00,03:00:00,8,0,3,28.96666666666667,15,points
31,E OCON,FRA,2023,Race,2023-10-08,17:00:00,2023-10-08,19:00:00,03:00:00,8,0,3,28.96666666666667,15,points
40,L LAWSON,NZL,2023,Race,2023-10-08,17:00:00,2023-10-08,19:00:00,03:00:00,17,0,3,28.666666666666668,19,no_points
40,L LAWSON,NZL,2023,Race,2023-10-08,17:00:00,2023-10-08,19:00:00,03:00:00,17,0,3,28.666666666666668,19,no_points
44,L HAMILTON,GBR,2023,Race,2023-10-08,17:00:00,2023-10-08,19:00:00,03:00:00,3,0,0,0.0,13,no_points
44,L HAMILTON,GBR,2023,Race,2023-10-08,17:00:00,2023-10-08,19:00:00,03:00:00,3,0,0,0.0,13,no_points
55,C SAINZ,ESP,2023,Race,2023-10-08,17:00:00,2023-10-08,19:00:00,03:00:00,12,1,0,0.0,2,no_points
55,C SAINZ,ESP,2023,Race,2023-10-08,17:00:00,2023-10-08,19:00:00,03:00:00,12,1,0,0.0,2,no_points
63,G RUSSELL,GBR,2023,Race,2023-10-08,17:00:00,2023-10-08,19:00:00,03:00:00,2,0,4,31.125,8,points
63,G RUSSELL,GBR,2023,Race,2023-10-08,17:00:00,2023-10-08,19:00:00,03:00:00,2,0,4,31.125,8,points
77,V BOTTAS,FIN,2023,Race,2023-10-08,17:00:00,2023-10-08,19:00:00,03:00:00,9,0,3,29.366666666666664,17,points
77,V BOTTAS,FIN,2023,Race,2023-10-08,17:00:00,2023-10-08,19:00:00,03:00:00,9,0,3,29.366666666666664,17,points
81,O PIASTRI,AUS,2023,Race,2023-10-08,17:00:00,2023-10-08,19:00:00,03:00:00,6,0,3,28.0,9,top3
81,O PIASTRI,AUS,2023,Race,2023-10-08,17:00:00,2023-10-08,19:00:00,03:00:00,6,0,3,28.0,9,top3
